"TEAM_ABBREVIATION","START_POSITION","MIN","FGM","FGA","FG_PCT","FG3M","FG3A","FG3_PCT","FTM","FTA","FT_PCT","OREB","DREB","AST","STL","BLK","TO","PF","PTS","PLUS_MINUS"
3,2,10,11,21,0.524,0,4,0,9,10,0.9,0,6,11,0,2,2,0,31,-4
3,2,12.55,13,24,0.542,1,4,0.25,6,8,0.75,1,6,9,0,1,0,0,33,10
3,2,11.93,13,21,0.619,1,4,0.25,3,4,0.75,1,8,4,2,0,2,2,30,26
3,2,18.78,14,25,0.56,3,11,0.273,2,4,0.5,0,9,9,2,1,4,4,33,10
3,2,12.87,14,24,0.583,2,6,0.333,5,5,1,1,4,5,1,0,1,1,35,18
3,2,19.83,9,22,0.409,1,8,0.125,4,8,0.5,1,3,6,2,0,3,3,23,-10
3,2,11.62,8,17,0.471,2,6,0.333,3,4,0.75,4,13,4,1,1,3,0,21,-14
3,2,10.45,12,26,0.462,2,7,0.286,3,4,0.75,1,7,6,1,0,5,3,29,13
3,2,13.22,12,27,0.444,3,6,0.5,1,2,0.5,1,7,11,2,0,0,2,28,6
3,2,8.5,12,18,0.667,6,8,0.75,1,3,0.333,2,5,8,0,1,2,1,31,8
3,2,12.17,8,22,0.364,3,10,0.3,2,3,0.667,1,6,3,1,0,1,1,21,-7
3,2,11.47,11,21,0.524,7,12,0.583,10,10,1,0,11,3,1,1,4,3,39,-3
3,2,9.25,8,17,0.471,1,4,0.25,4,4,1,0,8,5,3,1,9,2,21,16
3,2,8.35,12,22,0.545,4,9,0.444,2,4,0.5,1,7,5,2,0,3,2,30,-17
3,2,9.82,13,23,0.565,1,4,0.25,0,3,0,2,5,4,0,0,1,0,27,-8
3,2,10.17,7,19,0.368,0,5,0,3,5,0.6,2,8,8,0,1,3,3,17,-11
3,2,15.72,9,23,0.391,0,7,0,2,4,0.5,0,10,8,0,2,2,3,20,5
3,2,10.7,10,22,0.455,2,5,0.4,4,5,0.8,0,6,8,1,0,3,1,26,-1
3,2,13.43,10,24,0.417,1,6,0.167,7,8,0.875,3,4,5,4,0,3,2,28,-13
3,2,11.32,8,21,0.381,2,8,0.25,1,2,0.5,2,5,9,1,0,8,1,19,-7
3,2,13.72,12,22,0.545,2,9,0.222,5,7,0.714,1,7,8,2,2,4,3,31,2
3,2,12.67,7,17,0.412,2,8,0.25,4,6,0.667,2,8,6,1,2,2,3,20,-1
3,2,11.2,12,26,0.462,3,10,0.3,4,4,1,5,10,8,0,0,5,2,31,-10
3,2,17.78,4,13,0.308,0,4,0,2,3,0.667,2,3,0,1,0,2,1,10,-17
3,2,0.7,9,12,0.75,2,4,0.5,5,6,0.833,1,10,3,1,0,3,1,25,10
3,2,17.43,8,11,0.727,3,6,0.5,4,5,0.8,0,3,4,1,0,0,2,23,3
3,2,15.68,0,7,0,0,2,0,4,5,0.8,0,1,2,0,0,1,0,4,2
3,2,15.52,13,23,0.565,3,8,0.375,9,12,0.75,0,8,4,1,0,6,3,38,-2
3,2,17.63,14,27,0.519,7,13,0.538,4,6,0.667,1,8,5,0,1,4,1,39,-9
3,2,16.6,17,29,0.586,0,4,0,4,4,1,1,9,12,1,1,3,0,38,9
3,1,11.88,16,29,0.552,4,10,0.4,2,3,0.667,2,8,6,0,0,2,3,38,1
3,2,20.68,15,26,0.577,2,7,0.286,4,7,0.571,4,5,7,0,2,3,2,36,-5
3,2,13.07,8,21,0.381,1,8,0.125,2,5,0.4,0,5,4,1,2,5,5,19,-19
3,1,16.33,11,19,0.579,4,7,0.571,4,7,0.571,3,6,3,0,2,5,4,30,-21
3,1,6.2,10,20,0.5,5,11,0.455,6,7,0.857,0,7,6,0,1,4,0,31,-16
3,1,11.7,18,25,0.72,6,9,0.667,8,8,1,0,7,6,0,1,3,3,50,22
3,1,21.27,9,26,0.346,1,9,0.111,4,6,0.667,2,12,12,1,4,5,1,23,-17
3,1,14.55,19,31,0.613,6,11,0.545,12,13,0.923,2,8,3,0,1,4,0,56,13
3,2,13.07,8,18,0.444,2,9,0.222,8,10,0.8,1,7,4,0,1,4,2,26,-27
3,1,14.2,10,18,0.556,3,7,0.429,3,5,0.6,0,12,5,1,0,4,2,26,7
3,2,11.58,13,23,0.565,1,4,0.25,5,5,1,0,6,3,2,2,7,2,32,-22
3,2,11.68,6,18,0.333,2,8,0.25,7,8,0.875,1,10,3,1,1,6,1,21,-4
3,2,15.72,14,23,0.609,3,8,0.375,2,2,1,1,7,6,2,0,3,1,33,7
3,2,14.35,9,27,0.333,3,10,0.3,5,9,0.556,3,12,8,0,0,4,3,26,-11
3,2,12.7,13,22,0.591,3,7,0.429,1,1,1,0,7,7,3,0,6,1,30,-5
3,2,10.52,11,19,0.579,3,7,0.429,2,4,0.5,0,5,8,0,0,4,4,27,-25
3,2,15.93,13,24,0.542,2,7,0.286,1,2,0.5,3,10,10,1,0,3,3,29,12
3,2,10.45,14,21,0.667,2,8,0.25,3,3,1,0,7,6,3,2,0,1,33,10
3,2,15.87,12,22,0.545,1,8,0.125,8,11,0.727,2,9,4,2,0,3,4,33,-8
3,2,9.6,12,23,0.522,2,7,0.286,3,3,1,1,6,5,1,1,6,3,29,5
3,2,13.42,11,22,0.5,3,7,0.429,5,7,0.714,1,11,5,2,0,3,1,30,-20
3,2,13.28,9,20,0.45,3,8,0.375,4,8,0.5,0,7,7,1,1,1,1,25,11
3,2,6.7,9,23,0.391,2,8,0.25,5,7,0.714,1,8,2,0,2,1,0,25,-17
3,1,14.93,13,29,0.448,3,12,0.25,5,10,0.5,1,6,6,0,1,1,2,34,-12
3,1,9.37,14,19,0.737,3,4,0.75,4,4,1,6,3,7,0,0,3,4,35,-30
3,1,12.5,13,24,0.542,1,6,0.167,5,5,1,1,7,9,4,3,4,4,32,4
3,1,12.48,12,26,0.462,3,10,0.3,4,5,0.8,2,3,5,0,1,2,3,31,3
3,1,15.22,7,15,0.467,3,9,0.333,9,12,0.75,0,7,5,3,1,1,2,26,9
3,1,5.3,16,26,0.615,5,10,0.5,6,9,0.667,2,12,4,2,2,0,1,43,18
3,2,13.95,13,25,0.52,8,14,0.571,3,3,1,2,11,7,2,2,5,1,37,0
3,1,15.45,11,19,0.579,3,5,0.6,7,9,0.778,4,6,11,1,2,3,3,32,6
3,2,15.88,14,25,0.56,3,9,0.333,8,9,0.889,1,8,7,3,1,3,2,39,9
3,2,10.67,15,26,0.577,2,7,0.286,4,6,0.667,2,7,6,1,2,3,2,36,-23
3,2,10,13,19,0.684,2,5,0.4,6,6,1,0,7,2,2,0,2,1,34,0
3,2,15.42,11,21,0.524,1,7,0.143,8,11,0.727,1,13,6,1,2,4,5,31,-1
3,2,11.5,5,13,0.385,2,6,0.333,6,8,0.75,1,9,5,1,2,4,5,18,-11
3,2,18.97,9,19,0.474,4,9,0.444,2,3,0.667,0,3,5,1,0,2,1,24,-6
3,2,13.18,12,20,0.6,3,7,0.429,3,4,0.75,1,10,10,0,3,6,2,30,14
3,2,10.68,13,20,0.65,4,6,0.667,3,4,0.75,0,5,6,3,2,2,2,33,19
3,2,13.4,7,15,0.467,1,6,0.167,5,5,1,0,10,11,4,2,5,1,20,2
3,2,12.27,13,19,0.684,2,5,0.4,2,2,1,2,2,5,0,0,3,2,30,18
3,2,12.25,9,23,0.391,2,8,0.25,3,5,0.6,3,8,6,2,0,3,2,23,-5
3,2,13.4,12,20,0.6,4,9,0.444,5,8,0.625,0,5,9,2,1,2,1,33,14
3,2,1.75,10,25,0.4,2,13,0.154,8,11,0.727,1,6,11,1,0,7,4,30,-7
3,2,19.47,13,29,0.448,5,12,0.417,8,9,0.889,0,5,6,1,2,2,2,39,-3
3,2,21.43,4,7,0.571,1,3,0.333,1,1,1,0,1,5,0,0,2,1,10,-15
3,2,8.07,10,16,0.625,3,7,0.429,0,1,0,1,5,2,2,0,3,3,23,-4
3,2,12.27,13,21,0.619,2,4,0.5,2,2,1,0,4,10,2,0,4,3,30,8
3,2,10.53,6,19,0.316,0,6,0,3,4,0.75,1,6,8,4,1,2,0,15,7
3,2,13.95,10,22,0.455,1,10,0.1,5,5,1,1,2,8,3,1,7,1,26,9
3,2,16.3,7,19,0.368,4,9,0.444,1,2,0.5,0,6,6,2,2,3,1,19,-1
3,2,12.53,8,18,0.444,5,9,0.556,4,4,1,0,2,5,2,0,5,4,25,-6
3,2,12.75,13,23,0.565,5,11,0.455,3,6,0.5,1,10,5,1,1,4,5,34,-2
3,2,5.4,12,20,0.6,2,5,0.4,4,5,0.8,0,6,6,0,2,3,2,30,17
3,2,2.15,7,16,0.438,1,4,0.25,2,2,1,0,6,4,3,0,6,2,17,2
3,2,17.77,4,12,0.333,0,3,0,1,1,1,0,3,2,1,0,2,1,9,-2
3,2,17.4,11,26,0.423,3,10,0.3,4,6,0.667,2,7,7,2,2,3,1,29,-3
3,2,7.65,9,19,0.474,6,10,0.6,0,0,0,1,4,7,0,0,3,1,24,-24
3,2,13.82,10,21,0.476,1,7,0.143,4,7,0.571,2,10,6,1,0,6,1,25,6
3,2,13.75,9,19,0.474,1,5,0.2,2,3,0.667,1,5,9,1,0,7,0,21,15
3,2,14.9,9,16,0.563,4,9,0.444,1,1,1,0,4,9,2,0,1,3,23,14
3,2,12.07,6,13,0.462,3,7,0.429,3,6,0.5,1,6,10,3,0,5,1,18,2
3,2,10.85,7,17,0.412,2,4,0.5,6,9,0.667,4,7,10,2,1,1,2,22,13
3,2,3.47,11,22,0.5,2,5,0.4,1,2,0.5,1,0,6,3,0,2,0,25,-2
3,2,4.43,11,22,0.5,1,4,0.25,1,2,0.5,3,4,8,0,0,4,2,24,7
3,2,3.55,6,11,0.545,2,5,0.4,5,7,0.714,0,7,6,0,0,5,2,19,-4
3,2,7.85,6,12,0.5,1,5,0.2,3,5,0.6,1,7,7,2,1,5,1,16,5
3,2,11.68,8,22,0.364,3,7,0.429,7,7,1,1,10,10,2,0,4,0,26,18
3,2,11.23,11,23,0.478,1,3,0.333,3,5,0.6,0,5,8,1,1,2,1,26,-1
3,2,11.92,11,20,0.55,3,7,0.429,4,5,0.8,2,7,6,2,1,3,2,29,0
3,2,2.2,6,13,0.462,1,5,0.2,5,7,0.714,0,9,5,1,0,4,1,18,16
3,2,7.4,8,18,0.444,3,8,0.375,3,4,0.75,1,6,10,1,0,4,0,22,16
3,2,4.35,7,17,0.412,3,8,0.375,5,7,0.714,2,3,5,0,0,4,2,22,2
3,2,10.6,3,6,0.5,1,2,0.5,3,3,1,0,1,4,0,0,1,0,10,-5
3,2,12.5,14,23,0.609,4,9,0.444,5,6,0.833,1,7,6,1,1,3,2,37,7
3,2,7.22,8,14,0.571,4,7,0.571,5,5,1,1,11,12,0,1,4,0,25,0
3,2,6.48,8,13,0.615,2,4,0.5,4,6,0.667,1,9,11,0,0,6,3,22,33
3,2,10.35,5,13,0.385,1,4,0.25,7,11,0.636,0,3,10,1,0,3,4,18,11
3,2,13.63,16,24,0.667,3,8,0.375,3,5,0.6,0,5,6,2,1,3,1,38,2
3,2,0.4,7,12,0.583,3,5,0.6,2,4,0.5,2,4,4,2,2,2,2,19,18
3,2,11.57,11,21,0.524,2,5,0.4,4,8,0.5,1,10,7,4,3,2,1,28,9
3,2,3.82,7,13,0.538,1,5,0.2,4,5,0.8,0,4,4,1,0,4,0,19,-20
3,2,19.25,14,29,0.483,2,10,0.2,1,3,0.333,0,9,13,1,0,8,2,31,3
3,2,13.45,7,21,0.333,1,8,0.125,4,4,1,1,8,9,1,1,5,3,19,11
3,2,8.98,14,23,0.609,1,6,0.167,3,6,0.5,0,8,7,0,0,3,1,32,-7
3,2,13.88,13,20,0.65,1,4,0.25,3,4,0.75,0,13,7,0,1,5,1,30,4
3,2,6.93,9,18,0.5,0,5,0,4,7,0.571,1,9,9,0,1,1,2,22,-17
3,2,10.13,9,15,0.6,1,4,0.25,9,14,0.643,1,8,8,2,0,5,2,28,8
3,2,17.05,9,20,0.45,3,9,0.333,4,4,1,0,6,7,2,0,5,2,25,6
3,2,18.52,11,22,0.5,2,10,0.2,4,5,0.8,0,14,12,2,2,5,3,28,8
3,2,22.48,13,26,0.5,3,7,0.429,4,6,0.667,0,5,11,4,0,7,3,33,8
3,2,11.45,12,19,0.632,2,5,0.4,1,2,0.5,0,10,10,0,1,2,1,27,21
3,2,13.97,5,12,0.417,2,6,0.333,9,11,0.818,0,7,9,2,1,2,0,21,10
3,2,13.37,7,17,0.412,4,11,0.364,3,5,0.6,1,6,7,0,1,5,3,21,11
3,2,11.75,8,19,0.421,4,8,0.5,2,3,0.667,2,5,10,1,0,2,2,22,-11
3,2,14.53,12,22,0.545,2,5,0.4,8,11,0.727,0,6,7,0,0,3,3,34,3
3,2,14.12,19,26,0.731,7,11,0.636,1,2,0.5,0,8,6,2,2,3,1,46,11
3,2,4.5,6,16,0.375,0,2,0,5,8,0.625,0,11,6,2,0,6,1,17,9
3,2,14.07,13,25,0.52,6,10,0.6,2,2,1,1,5,8,1,1,3,2,34,15
3,2,13.97,6,16,0.375,2,7,0.286,5,8,0.625,0,5,5,1,0,5,1,19,-9
3,2,6.5,6,11,0.545,2,6,0.333,7,7,1,1,7,11,1,0,3,3,21,14
3,2,3.48,9,20,0.45,5,8,0.625,3,4,0.75,0,6,7,0,0,2,2,26,14
3,2,5.18,10,20,0.5,4,9,0.444,2,4,0.5,1,7,5,0,1,5,0,26,15
3,2,6.35,7,15,0.467,1,6,0.167,3,6,0.5,1,6,7,1,1,2,2,18,10
3,2,10.17,11,21,0.524,0,5,0,6,8,0.75,0,7,7,0,0,4,1,28,9
3,2,10.9,8,15,0.533,4,7,0.571,7,11,0.636,0,6,12,0,0,4,3,27,-10
3,2,10.08,11,20,0.55,1,4,0.25,3,3,1,2,10,7,1,1,6,0,26,20
3,2,8,9,16,0.563,3,6,0.5,1,3,0.333,0,13,8,1,0,2,2,22,19
3,2,11.23,11,23,0.478,1,3,0.333,3,5,0.6,0,5,8,1,1,2,1,26,-1
3,2,0.65,6,11,0.545,3,4,0.75,5,10,0.5,1,7,4,1,0,8,2,20,-5
3,2,14.75,4,10,0.4,0,2,0,3,5,0.6,1,1,2,1,0,3,1,11,2
3,2,17.22,13,20,0.65,1,5,0.2,1,4,0.25,3,11,10,1,0,1,3,28,18
3,2,17.85,15,21,0.714,6,9,0.667,4,6,0.667,3,10,7,3,0,4,1,40,7
3,2,14.65,8,16,0.5,2,5,0.4,10,12,0.833,2,10,8,1,0,6,2,28,-2
3,2,15.22,9,16,0.563,1,5,0.2,6,9,0.667,1,9,8,0,2,8,2,25,-4
3,2,15.15,14,25,0.56,3,8,0.375,2,5,0.4,2,7,9,1,1,0,2,33,7
3,2,12.4,9,17,0.529,2,4,0.5,5,6,0.833,1,12,9,1,0,2,3,25,10
3,2,16.02,15,25,0.6,1,4,0.25,7,8,0.875,3,13,10,1,0,2,2,38,12
3,2,14.37,7,18,0.389,1,3,0.333,11,14,0.786,1,8,8,0,0,0,2,26,8
3,2,13.25,14,23,0.609,1,4,0.25,1,2,0.5,1,9,11,2,2,6,1,30,2
3,2,12.42,10,20,0.5,3,8,0.375,3,4,0.75,2,9,4,0,2,6,2,26,-9
3,2,6.9,6,11,0.545,0,2,0,3,4,0.75,1,5,12,0,0,3,2,15,15
3,2,6.8,9,18,0.5,3,8,0.375,8,10,0.8,2,9,7,2,1,4,2,29,19
3,2,9.75,7,17,0.412,0,5,0,2,3,0.667,1,14,9,3,0,4,2,16,15
3,2,13.52,13,23,0.565,4,9,0.444,6,10,0.6,0,7,5,1,4,2,1,36,8
3,2,15.27,10,17,0.588,1,5,0.2,7,10,0.7,0,11,9,4,2,7,3,28,15
3,2,12.57,7,15,0.467,2,7,0.286,4,5,0.8,1,7,7,0,2,4,2,20,-15
3,2,9.87,14,19,0.737,4,7,0.571,4,4,1,0,10,10,1,1,5,1,36,20
3,2,4.3,10,12,0.833,4,5,0.8,6,8,0.75,1,5,10,0,1,2,2,30,17
3,2,10.48,11,18,0.611,4,8,0.5,12,17,0.706,1,11,8,2,0,8,3,38,2
3,2,2.68,4,11,0.364,0,3,0,2,2,1,0,6,7,2,0,6,1,10,23
3,2,17.05,9,20,0.45,1,5,0.2,4,7,0.571,2,15,16,1,0,4,1,23,-3
3,2,14.6,6,13,0.462,2,5,0.4,3,3,1,1,2,4,0,0,3,0,17,-13
3,2,14.1,9,21,0.429,5,11,0.455,6,10,0.6,0,1,12,0,2,5,0,29,-10
3,2,11.15,13,24,0.542,2,6,0.333,3,6,0.5,1,7,7,0,1,1,4,31,14
3,2,6.28,7,19,0.368,0,5,0,5,8,0.625,1,10,4,1,0,0,1,19,-8
3,2,10.9,9,16,0.563,2,5,0.4,2,2,1,1,7,9,2,1,4,3,22,0
3,2,10.6,7,15,0.467,2,5,0.4,4,7,0.571,1,9,5,0,1,4,1,20,-20
3,2,10.3,6,19,0.316,2,7,0.286,2,2,1,2,9,7,1,1,5,3,16,-4
3,2,1.62,6,15,0.4,0,3,0,8,10,0.8,0,2,7,0,0,5,1,20,-11
3,2,15.47,4,6,0.667,0,1,0,4,4,1,0,3,5,1,0,1,1,12,12
3,2,10.87,12,22,0.545,4,9,0.444,1,5,0.2,1,11,9,1,0,3,1,29,8
3,2,10.52,7,17,0.412,2,6,0.333,12,14,0.857,2,6,9,0,2,2,3,28,7
3,2,12.5,12,21,0.571,1,7,0.143,12,15,0.8,0,8,8,3,0,4,4,37,8
3,2,9.75,9,16,0.563,2,5,0.4,2,3,0.667,1,6,14,1,2,3,1,22,-2
3,2,12.38,14,21,0.667,3,5,0.6,3,3,1,0,12,13,2,0,6,2,34,22
3,2,10.33,8,18,0.444,2,8,0.25,1,2,0.5,2,6,10,1,1,5,1,19,-12
3,2,10.22,17,27,0.63,5,11,0.455,1,2,0.5,2,6,6,0,1,7,1,40,12
3,2,11.48,9,19,0.474,4,10,0.4,7,12,0.583,0,8,9,0,0,2,4,29,-1
3,2,11.58,10,17,0.588,1,4,0.25,11,12,0.917,0,3,7,0,2,1,0,32,6
3,2,17.5,15,29,0.517,1,7,0.143,1,4,0.25,1,11,14,0,0,3,3,32,4
3,2,6.08,6,16,0.375,3,6,0.5,2,4,0.5,0,8,9,1,0,8,2,17,16
3,2,9.55,7,17,0.412,3,8,0.375,5,6,0.833,0,8,11,1,0,7,2,22,6
3,2,12.63,8,19,0.421,1,8,0.125,1,1,1,2,7,15,2,0,6,0,18,-4
3,2,10.18,12,20,0.6,6,9,0.667,6,9,0.667,1,6,9,1,0,2,1,36,20
3,2,9.57,6,15,0.4,1,4,0.25,2,3,0.667,0,10,11,2,0,2,3,15,33
3,2,13.98,9,22,0.409,3,8,0.375,1,4,0.25,2,6,10,0,1,5,2,22,7
3,2,11.35,9,18,0.5,1,6,0.167,10,13,0.769,0,7,8,1,0,8,3,29,-22
3,2,9.6,11,19,0.579,3,6,0.5,2,2,1,2,9,10,1,1,5,0,27,26
3,2,12.05,9,16,0.563,2,5,0.4,1,3,0.333,0,6,5,5,0,4,0,21,13
3,2,5.18,5,12,0.417,0,2,0,5,5,1,3,4,13,0,0,4,1,15,-21
3,2,11.4,13,25,0.52,2,7,0.286,3,5,0.6,0,5,12,2,0,6,3,31,2
3,2,12.25,7,19,0.368,2,9,0.222,3,5,0.6,0,3,19,1,0,5,1,19,-9
3,2,8.72,12,16,0.75,1,3,0.333,6,7,0.857,0,2,8,1,0,3,2,31,19
3,2,8.27,14,25,0.56,3,6,0.5,4,5,0.8,2,14,7,1,0,3,0,35,13
3,2,7.43,9,19,0.474,6,12,0.5,7,7,1,0,5,5,2,1,4,2,31,26
3,2,11.02,10,21,0.476,0,3,0,1,2,0.5,3,11,11,0,0,3,2,21,23
3,2,13.22,7,17,0.412,1,3,0.333,2,5,0.4,0,8,15,2,0,2,1,17,17
3,2,14.07,11,21,0.524,1,4,0.25,8,12,0.667,2,11,12,2,1,5,0,31,18
3,2,10.32,3,10,0.3,2,4,0.5,5,6,0.833,0,6,13,2,0,2,2,13,5
3,2,12.73,7,15,0.467,1,4,0.25,6,8,0.75,1,6,16,2,1,1,2,21,5
3,2,14.83,9,24,0.375,2,12,0.167,3,4,0.75,3,6,10,2,1,2,3,23,3
3,2,12.73,8,19,0.421,3,7,0.429,2,2,1,0,12,11,0,0,4,5,21,-14
3,2,10.9,8,20,0.4,0,6,0,4,8,0.5,1,8,9,0,0,5,2,20,-9
3,2,12.93,12,21,0.571,4,10,0.4,4,7,0.571,1,12,7,1,3,4,1,32,10
3,2,13.43,11,22,0.5,4,8,0.5,2,4,0.5,2,7,12,1,0,8,2,28,9
3,2,13.92,11,24,0.458,1,6,0.167,2,5,0.4,2,9,10,2,0,6,2,25,8
3,2,3.85,12,20,0.6,6,8,0.75,2,2,1,1,3,13,1,0,5,4,32,24
3,2,9.75,11,23,0.478,4,9,0.444,5,7,0.714,1,6,8,0,1,3,1,31,21
3,2,5.47,9,21,0.429,1,6,0.167,1,1,1,0,4,12,1,0,1,3,20,14
3,2,12.88,9,18,0.5,1,4,0.25,6,6,1,2,4,9,0,0,4,3,25,4
1,2,20.88,8,20,0.4,2,8,0.25,7,11,0.636,1,6,7,0,1,3,4,25,-12
1,2,21.5,11,24,0.458,0,2,0,15,19,0.789,3,11,12,1,1,4,3,37,11
1,2,1.4,13,29,0.448,4,10,0.4,14,18,0.778,1,11,7,1,1,8,5,44,6
1,2,17.95,11,28,0.393,1,8,0.125,18,24,0.75,0,7,9,2,1,2,3,41,-12
1,2,18.53,12,23,0.522,1,3,0.333,10,12,0.833,2,2,5,1,0,6,3,35,-7
1,2,17.23,20,30,0.667,3,6,0.5,6,10,0.6,3,3,8,2,3,2,1,49,7
1,2,19.42,9,22,0.409,3,6,0.5,6,9,0.667,0,8,8,1,0,3,3,27,1
1,2,19.23,15,25,0.6,5,10,0.5,12,16,0.75,2,10,8,1,1,1,2,47,26
1,2,7.17,9,14,0.643,3,5,0.6,6,12,0.5,0,3,5,4,1,0,1,27,23
1,2,10.32,12,20,0.6,2,6,0.333,8,9,0.889,3,7,3,4,0,3,0,34,13
1,2,16.65,10,24,0.417,0,3,0,16,17,0.941,1,12,8,2,1,2,3,36,10
1,2,18.73,9,19,0.474,0,5,0,7,11,0.636,2,9,9,3,2,2,0,25,13
1,2,13.92,7,14,0.5,2,5,0.4,13,17,0.765,1,12,6,0,0,2,1,29,21
1,2,16.87,13,20,0.65,1,4,0.25,11,14,0.786,0,8,7,1,0,0,1,38,22
1,2,14.7,12,23,0.522,2,7,0.286,11,14,0.786,0,5,5,1,0,5,1,37,8
1,2,6.37,9,14,0.643,5,8,0.625,6,6,1,0,4,7,1,1,5,1,29,21
1,2,12.57,8,17,0.471,1,4,0.25,10,12,0.833,0,2,10,0,1,1,4,27,8
1,2,6.85,7,15,0.467,0,2,0,7,8,0.875,0,6,7,3,0,2,1,21,25
1,2,12.72,14,21,0.667,2,5,0.4,8,8,1,0,7,6,1,0,2,1,38,7
1,2,8,7,20,0.35,2,5,0.4,10,10,1,1,8,5,1,0,2,1,26,-26
1,2,14.33,11,18,0.611,4,8,0.5,5,7,0.714,1,8,6,0,0,6,1,31,-13
1,2,16.6,9,24,0.375,0,2,0,7,8,0.875,1,11,3,3,1,1,0,25,10
1,2,7.32,9,22,0.409,2,4,0.5,4,5,0.8,1,5,12,1,2,0,0,24,15
1,2,9.6,8,14,0.571,2,3,0.667,7,10,0.7,2,10,7,0,0,5,0,25,25
1,2,15.1,7,14,0.5,1,1,1,7,7,1,1,7,11,1,0,1,0,22,19
1,2,15.15,9,17,0.529,1,4,0.25,11,15,0.733,2,9,8,1,0,1,0,30,14
1,2,16.05,9,21,0.429,1,4,0.25,3,5,0.6,1,6,5,3,1,2,2,22,10
1,2,22.78,10,22,0.455,0,3,0,6,11,0.545,0,11,10,1,2,0,4,26,-1
1,2,18.67,15,27,0.556,4,7,0.571,9,10,0.9,2,10,8,4,1,6,1,43,5
1,2,15.87,9,17,0.529,0,3,0,1,3,0.333,1,7,10,4,3,3,1,19,-1
1,2,22.98,16,30,0.533,4,11,0.364,15,17,0.882,0,4,9,2,3,3,2,51,6
1,2,19.45,10,24,0.417,3,8,0.375,11,13,0.846,6,4,13,3,3,3,0,34,7
1,2,19.7,10,23,0.435,0,6,0,12,16,0.75,4,9,11,2,2,4,2,32,7
1,2,19.32,5,15,0.333,0,3,0,4,7,0.571,2,8,12,1,1,2,0,14,11
1,2,14.28,5,15,0.333,2,5,0.4,9,12,0.75,0,6,5,1,0,4,1,21,-1
1,2,9.2,7,11,0.636,4,5,0.8,5,7,0.714,1,7,4,1,0,3,2,23,24
1,2,19.67,13,21,0.619,6,7,0.857,10,10,1,1,7,4,1,1,6,4,42,8
1,2,19.72,8,20,0.4,2,7,0.286,8,14,0.571,1,5,11,1,2,0,3,26,4
1,2,8.13,12,23,0.522,3,6,0.5,3,3,1,4,10,4,2,0,1,2,30,29
1,2,9.85,7,21,0.333,2,5,0.4,5,6,0.833,0,1,0,1,2,3,4,21,-14
1,2,5.67,4,10,0.4,1,2,0.5,6,8,0.75,0,5,8,0,1,2,1,15,13
1,2,6.57,6,13,0.462,0,3,0,8,10,0.8,0,5,9,2,1,0,0,20,22
1,2,16.07,16,29,0.552,8,11,0.727,15,22,0.682,1,4,9,0,0,6,3,55,13
1,2,9.2,9,17,0.529,0,3,0,2,2,1,1,8,9,1,1,5,1,20,20
1,2,9.28,9,18,0.5,1,5,0.2,7,8,0.875,2,4,6,2,1,3,1,26,22
1,2,17.17,15,21,0.714,4,7,0.571,13,14,0.929,0,7,4,1,1,7,1,47,7
1,2,16.13,5,20,0.25,2,8,0.25,4,8,0.5,3,5,12,0,0,1,1,16,-12
1,2,20.05,17,33,0.515,2,7,0.286,16,19,0.842,0,9,11,0,2,3,1,52,7
1,2,13.52,9,20,0.45,2,5,0.4,13,13,1,1,6,4,1,2,3,3,33,23
1,2,14.83,12,25,0.48,3,8,0.375,6,11,0.545,4,0,8,1,1,5,3,33,-8
1,2,13.13,9,17,0.529,2,4,0.5,5,6,0.833,0,7,6,3,1,3,2,25,32
1,2,13.68,10,27,0.37,0,2,0,3,6,0.5,1,7,8,1,1,2,1,23,-9
1,2,13.52,5,10,0.5,0,2,0,13,15,0.867,5,10,11,0,3,2,1,23,6
1,2,17.13,14,27,0.519,1,6,0.167,4,6,0.667,4,10,9,1,0,2,1,33,16
1,2,16.65,10,24,0.417,2,5,0.4,10,16,0.625,2,7,8,3,2,2,2,32,12
1,2,18.03,14,30,0.467,3,6,0.5,3,4,0.75,0,7,14,1,0,2,1,34,14
1,2,18.17,9,25,0.36,1,5,0.2,4,8,0.5,2,7,4,4,1,6,1,23,-11
1,2,18.98,12,24,0.5,0,2,0,5,6,0.833,3,11,7,3,1,4,3,29,19
1,2,20.32,8,28,0.286,1,6,0.167,11,16,0.688,3,11,7,1,1,8,4,28,2
1,2,16.2,9,15,0.6,1,5,0.2,11,14,0.786,0,11,10,3,1,2,2,30,21
1,2,11.82,13,25,0.52,3,7,0.429,9,9,1,1,6,6,4,3,3,2,38,20
1,2,6.98,9,16,0.563,0,1,0,3,3,1,0,4,4,2,2,4,1,21,23
1,2,16.77,11,22,0.5,3,9,0.333,5,8,0.625,0,6,10,1,2,7,4,30,0
1,2,13.27,3,8,0.375,2,3,0.667,8,8,1,1,9,11,2,3,5,1,16,27
1,2,19.48,12,24,0.5,3,8,0.375,11,14,0.786,0,2,7,0,2,5,2,38,-6
1,2,18.52,12,19,0.632,2,4,0.5,7,12,0.583,0,6,9,0,1,2,1,33,8
1,2,14.22,6,13,0.462,0,2,0,6,10,0.6,0,5,6,3,1,3,1,18,-4
1,2,14.33,11,23,0.478,0,3,0,5,7,0.714,1,8,5,3,1,7,2,27,14
1,2,18.77,14,24,0.583,2,4,0.5,1,2,0.5,2,2,7,3,1,3,1,31,16
1,2,14.75,13,20,0.65,0,2,0,7,8,0.875,3,7,8,0,0,6,3,33,14
1,2,15.63,14,20,0.7,2,6,0.333,2,4,0.5,0,6,3,2,2,0,1,32,22
1,2,21.67,10,19,0.526,2,7,0.286,11,12,0.917,2,4,9,4,1,1,2,33,1
1,2,12.83,9,21,0.429,1,4,0.25,9,12,0.75,3,4,7,1,3,0,2,28,13
1,2,15.07,10,22,0.455,2,6,0.333,7,8,0.875,2,2,5,0,2,1,4,29,-1
1,2,6.4,11,18,0.611,2,5,0.4,7,8,0.875,0,5,4,3,0,2,1,31,19
1,2,3.67,8,17,0.471,2,4,0.5,7,8,0.875,2,3,4,2,2,3,3,25,27
1,2,13.62,4,12,0.333,0,4,0,3,4,0.75,2,6,11,1,3,2,2,11,32
1,2,4.15,5,10,0.5,1,4,0.25,10,10,1,0,5,6,5,1,0,0,21,30
1,2,17.37,12,27,0.444,1,5,0.2,7,10,0.7,1,6,5,2,1,3,3,32,7
1,2,6.65,9,13,0.692,3,4,0.75,2,4,0.5,1,6,8,3,1,2,2,23,24
1,2,17.13,7,12,0.583,0,1,0,0,0,0,0,3,3,1,3,0,0,14,24
1,2,6.33,7,14,0.5,3,7,0.429,9,11,0.818,0,4,1,1,1,1,0,26,17
1,2,12.58,8,19,0.421,1,4,0.25,7,7,1,1,6,8,2,0,2,3,24,16
1,2,15.5,8,21,0.381,0,4,0,9,10,0.9,1,5,6,4,0,3,1,25,-5
1,2,11.97,9,20,0.45,1,4,0.25,12,17,0.706,0,8,4,0,1,3,3,31,17
1,2,18.05,13,21,0.619,3,7,0.429,9,11,0.818,3,2,7,2,2,2,2,38,33
1,2,14.03,10,20,0.5,0,0,0,2,4,0.5,1,7,11,3,0,5,4,22,14
1,2,18.77,16,24,0.667,1,4,0.25,8,10,0.8,0,5,6,3,0,2,2,41,11
1,2,15.2,13,29,0.448,4,7,0.571,11,13,0.846,4,9,4,0,0,2,1,41,12
1,2,15.33,11,24,0.458,1,6,0.167,4,7,0.571,2,7,8,1,4,4,2,27,-3
1,2,11.83,13,23,0.565,0,2,0,15,16,0.938,2,7,6,4,0,5,1,41,22
1,2,10.13,8,20,0.4,0,2,0,13,15,0.867,2,6,3,2,1,1,1,29,13
1,2,13.72,6,15,0.4,0,3,0,3,4,0.75,2,5,13,3,0,5,3,15,-8
1,2,6.27,7,15,0.467,0,2,0,8,12,0.667,2,7,9,0,1,5,3,22,10
1,2,12,9,21,0.429,0,4,0,4,8,0.5,1,6,6,2,1,3,4,22,-3
1,2,22.8,14,29,0.483,3,11,0.273,14,19,0.737,1,4,6,2,0,2,4,45,0
1,2,22.65,9,23,0.391,1,3,0.333,13,15,0.867,3,9,6,2,1,8,2,32,7
1,2,20.72,12,25,0.48,0,5,0,11,13,0.846,0,3,5,1,1,4,3,35,-8
1,2,20,7,20,0.35,2,5,0.4,5,8,0.625,1,5,13,3,2,4,3,21,15
1,2,16.25,5,16,0.313,3,5,0.6,8,12,0.667,0,5,8,4,3,2,3,21,29
1,2,17.63,6,24,0.25,0,4,0,9,13,0.692,2,3,6,2,1,7,1,21,-15
1,2,14.82,2,18,0.111,0,6,0,8,10,0.8,2,7,9,1,1,10,4,12,-7
1,2,20.2,8,17,0.471,1,2,0.5,10,10,1,2,11,13,2,1,1,2,27,26
1,2,20.08,8,21,0.381,3,9,0.333,15,18,0.833,2,8,7,1,2,5,0,34,-3
1,2,20.38,11,25,0.44,3,8,0.375,9,14,0.643,2,10,7,2,0,5,5,34,3
1,2,11.95,10,19,0.526,0,4,0,2,4,0.5,0,7,3,1,1,4,3,22,-24
1,2,17.42,12,19,0.632,0,2,0,8,14,0.571,0,6,4,1,2,1,1,32,9
1,2,17.68,10,18,0.556,1,2,0.5,6,12,0.5,1,3,5,2,1,5,3,27,-5
1,2,11.25,3,9,0.333,0,1,0,7,9,0.778,0,11,7,1,2,5,1,13,-3
1,2,14.18,13,21,0.619,2,6,0.333,6,12,0.5,0,6,2,3,0,3,2,34,-10
1,2,11.37,11,21,0.524,1,4,0.25,10,13,0.769,4,3,8,1,2,0,2,33,10
1,2,18.37,6,22,0.273,1,5,0.2,4,8,0.5,5,2,9,2,2,5,1,17,-15
1,2,14.5,10,24,0.417,3,7,0.429,10,14,0.714,0,5,4,2,2,3,4,33,-1
1,2,7.22,11,19,0.579,1,4,0.25,6,6,1,2,2,5,3,2,4,6,29,3
1,2,17.78,11,18,0.611,1,2,0.5,3,3,1,3,6,9,3,1,1,4,26,7
1,2,11.3,4,17,0.235,1,5,0.2,4,6,0.667,0,4,5,0,0,5,0,13,-19
1,2,16.55,6,14,0.429,1,2,0.5,8,10,0.8,0,3,8,2,2,2,2,21,-3
1,2,14.58,9,25,0.36,3,9,0.333,8,10,0.8,4,7,4,2,0,4,3,29,-12
1,2,17.4,14,22,0.636,1,3,0.333,0,0,0,0,12,5,1,0,5,1,29,-3
1,2,17.07,11,19,0.579,2,5,0.4,6,7,0.857,3,4,6,1,1,0,0,30,15
1,2,18.23,11,22,0.5,1,4,0.25,7,11,0.636,2,7,6,0,1,3,1,30,-7
1,2,17.67,11,24,0.458,1,3,0.333,10,16,0.625,2,5,10,1,2,1,2,33,17
1,2,19.38,9,22,0.409,1,7,0.143,6,8,0.75,2,5,7,0,0,7,4,25,3
1,2,21.68,12,23,0.522,2,7,0.286,16,23,0.696,3,8,7,1,2,6,5,42,-4
1,2,19.68,7,18,0.389,1,4,0.25,9,13,0.692,1,9,11,1,2,4,0,24,10
1,2,14.22,11,24,0.458,5,8,0.625,11,12,0.917,4,7,4,1,2,2,2,38,15
1,2,13.92,13,27,0.481,2,8,0.25,11,12,0.917,0,3,1,1,3,4,1,39,-21
1,2,19.83,16,30,0.533,7,13,0.538,11,16,0.688,1,7,10,4,0,2,3,50,11
1,2,15.85,15,29,0.517,0,5,0,7,8,0.875,3,3,6,1,0,3,1,37,21
1,2,19.58,11,22,0.5,1,4,0.25,7,9,0.778,2,6,13,2,0,3,2,30,12
1,2,15,7,24,0.292,1,6,0.167,11,15,0.733,4,4,4,0,0,3,2,26,-13
1,2,13.83,16,24,0.667,1,3,0.333,2,5,0.4,0,4,6,0,1,2,3,35,-2
1,2,15.03,10,17,0.588,1,4,0.25,4,5,0.8,1,6,11,3,1,6,2,25,19
1,2,20.53,11,20,0.55,2,6,0.333,9,14,0.643,3,12,8,1,1,3,1,33,2
1,2,19.23,11,22,0.5,1,5,0.2,8,12,0.667,2,12,12,2,1,4,1,31,14
1,2,18.13,7,18,0.389,4,7,0.571,8,11,0.727,2,11,11,2,0,5,2,26,-8
1,2,18.73,17,31,0.548,1,5,0.2,4,7,0.571,2,4,9,0,1,3,4,39,-3
1,3,19.85,8,15,0.533,1,2,0.5,12,15,0.8,1,6,10,3,1,5,3,29,10
1,2,8.6,11,23,0.478,2,5,0.4,6,6,1,1,4,3,2,0,5,1,30,-25
1,2,20,11,24,0.458,0,3,0,4,4,1,4,7,7,2,1,1,2,26,5
1,2,17.22,12,23,0.522,2,5,0.4,6,11,0.545,1,6,6,2,2,3,0,32,-11
1,2,18.4,11,21,0.524,4,8,0.5,7,10,0.7,1,8,12,5,2,7,5,33,12
1,2,19.8,8,19,0.421,1,4,0.25,11,16,0.688,0,11,7,2,1,3,2,28,15
1,2,19.88,13,29,0.448,3,6,0.5,8,12,0.667,2,12,4,2,2,4,3,37,3
1,2,20.13,16,32,0.5,1,5,0.2,8,12,0.667,3,6,4,2,0,5,4,41,-3
1,2,15.43,14,30,0.467,0,1,0,8,10,0.8,2,5,5,2,0,1,3,36,-12
1,2,7.13,7,13,0.538,1,3,0.333,8,9,0.889,2,6,8,2,1,0,2,23,31
1,2,15.67,11,26,0.423,1,4,0.25,5,5,1,1,2,5,4,1,5,4,28,12
1,2,14.9,9,24,0.375,1,5,0.2,8,12,0.667,3,6,7,0,2,3,1,27,-11
1,2,23.17,18,28,0.643,6,12,0.5,9,16,0.563,3,5,9,3,1,4,1,51,10
1,2,1.6,10,20,0.5,2,7,0.286,9,15,0.6,5,14,8,4,3,8,3,31,-2
1,2,19.38,13,22,0.591,0,4,0,5,9,0.556,3,7,6,3,1,3,3,31,-7
1,2,11.17,8,18,0.444,0,3,0,6,6,1,2,6,3,2,0,4,2,22,13
1,2,21.73,14,29,0.483,4,8,0.5,7,12,0.583,3,8,8,0,0,1,1,39,-1
1,2,21.35,7,18,0.389,1,6,0.167,9,12,0.75,1,7,10,5,1,3,1,24,7
1,2,16.08,13,22,0.591,1,3,0.333,9,11,0.818,1,4,6,2,1,2,1,36,7
1,2,18.35,8,21,0.381,1,4,0.25,4,6,0.667,2,3,6,1,0,4,1,21,-18
1,2,12.32,9,21,0.429,1,4,0.25,5,10,0.5,4,4,7,3,0,3,5,24,5
1,2,14.6,9,19,0.474,0,3,0,7,11,0.636,0,6,12,1,1,2,3,25,18
1,2,16.85,8,20,0.4,0,2,0,9,13,0.692,2,3,8,1,1,3,2,25,-12
1,2,14.47,12,29,0.414,0,3,0,9,11,0.818,4,6,5,1,1,3,3,33,-7
1,2,12.87,12,21,0.571,3,6,0.5,5,6,0.833,1,7,6,6,0,4,1,32,-9
1,2,2.22,10,25,0.4,0,5,0,11,13,0.846,1,7,5,1,0,2,3,31,6
1,2,17.77,10,18,0.556,0,1,0,1,1,1,0,6,6,0,1,3,1,21,5
1,2,17.15,12,25,0.48,3,9,0.333,2,3,0.667,0,6,8,2,0,6,3,29,6
1,2,19.52,5,11,0.455,0,2,0,5,9,0.556,0,1,3,0,0,0,1,15,-2
1,2,21.77,11,25,0.44,2,8,0.25,14,15,0.933,0,4,13,2,2,3,2,38,14
1,2,11.78,10,21,0.476,1,6,0.167,9,15,0.6,3,8,10,4,1,2,1,30,9
1,2,20.68,14,29,0.483,2,8,0.25,7,8,0.875,3,9,12,3,1,4,3,37,7
1,2,15.05,17,26,0.654,6,10,0.6,5,8,0.625,2,6,5,3,2,3,2,45,14
1,2,20.1,11,22,0.5,1,7,0.143,11,12,0.917,0,7,7,1,1,3,4,34,-2
1,2,16.27,13,27,0.481,1,3,0.333,13,15,0.867,2,8,9,0,3,5,3,40,13
1,2,23.23,15,27,0.556,2,4,0.5,7,9,0.778,4,9,14,0,2,4,1,39,2
1,2,9.78,9,16,0.563,1,3,0.333,8,14,0.571,0,1,4,2,0,4,3,27,-13
1,2,11.92,9,21,0.429,0,2,0,4,8,0.5,1,4,8,6,1,5,3,22,11
1,2,19.85,10,19,0.526,0,2,0,6,8,0.75,0,4,4,1,1,1,1,26,-1
1,2,16.75,12,27,0.444,1,4,0.25,7,15,0.467,2,13,13,3,2,4,4,32,4
1,2,17.85,9,16,0.563,1,2,0.5,5,7,0.714,1,12,9,0,3,2,1,24,4
1,2,19.22,11,26,0.423,3,5,0.6,2,2,1,1,4,8,2,4,3,0,27,-18
1,2,20.42,13,28,0.464,3,5,0.6,16,22,0.727,3,4,7,3,1,3,1,45,4
1,2,12.15,2,11,0.182,0,2,0,6,10,0.6,1,4,4,1,0,5,4,10,-12
1,2,22.48,10,30,0.333,2,7,0.286,2,6,0.333,0,6,10,0,0,6,1,24,2
1,2,17.98,9,23,0.391,0,5,0,7,8,0.875,0,8,7,2,1,5,3,25,4
1,2,14,9,21,0.429,0,2,0,7,11,0.636,3,4,6,1,0,6,3,25,-5
1,2,20,4,16,0.25,2,6,0.333,4,4,1,1,6,4,1,1,6,1,14,-5
1,2,22.2,3,11,0.273,0,2,0,14,19,0.737,2,12,8,2,2,3,1,20,13
1,2,2.3,18,33,0.545,2,3,0.667,10,14,0.714,3,6,7,2,0,2,3,48,2
1,2,20.28,8,19,0.421,1,5,0.2,8,9,0.889,0,7,11,3,0,3,0,25,-4
1,2,22.12,12,21,0.571,2,3,0.667,6,9,0.667,1,8,9,2,0,3,2,32,6
1,2,20.68,7,19,0.368,0,1,0,5,7,0.714,0,6,7,3,0,6,1,19,-6
1,2,21.37,5,15,0.333,0,0,0,0,0,0,1,9,9,4,1,2,1,10,-5
1,2,14.88,8,20,0.4,1,5,0.2,6,9,0.667,1,7,8,1,0,2,4,23,26
1,2,18.78,5,14,0.357,0,2,0,10,11,0.909,3,6,5,2,1,5,4,20,-15
1,2,22.33,9,16,0.563,2,3,0.667,10,15,0.667,0,9,7,0,0,3,1,30,9
1,2,20.13,5,16,0.313,1,5,0.2,7,7,1,0,6,12,0,0,2,2,18,-12
1,2,21.82,12,24,0.5,3,7,0.429,9,13,0.692,0,1,12,3,0,2,2,36,8
1,2,22.02,8,21,0.381,1,4,0.25,4,6,0.667,2,9,7,1,1,3,2,21,6
1,2,22.18,8,22,0.364,1,5,0.2,14,17,0.824,3,8,7,3,1,2,3,31,12
1,2,22.03,11,22,0.5,3,5,0.6,5,7,0.714,0,6,9,1,0,2,3,30,6
1,2,20.32,7,14,0.5,0,2,0,9,11,0.818,2,7,7,2,0,1,1,23,17
1,2,15.97,9,18,0.5,1,4,0.25,5,10,0.5,0,5,9,2,0,2,2,24,22
1,2,12.05,7,15,0.467,0,2,0,4,7,0.571,1,4,6,0,0,1,3,18,-4
1,2,7.95,8,16,0.5,3,6,0.5,4,5,0.8,1,4,6,1,1,0,1,23,25
1,2,11.25,15,27,0.556,0,1,0,5,9,0.556,3,5,4,2,1,2,1,35,21
1,2,19.1,5,16,0.313,1,4,0.25,9,11,0.818,1,4,6,1,0,5,2,20,-11
1,2,20.42,7,23,0.304,0,3,0,11,14,0.786,0,6,5,1,1,2,3,25,5
1,2,0.6,11,21,0.524,2,5,0.4,11,13,0.846,2,7,5,0,0,4,4,35,3
1,2,17.82,13,24,0.542,0,2,0,5,5,1,2,10,6,4,1,2,1,31,21
1,2,23.4,14,25,0.56,0,3,0,11,13,0.846,1,4,9,3,0,7,4,39,4
1,2,19.92,6,20,0.3,2,5,0.4,10,14,0.714,1,5,7,2,0,3,3,24,3
1,2,16.13,8,18,0.444,0,3,0,10,14,0.714,1,6,6,2,0,3,4,26,11
1,2,16.82,8,19,0.421,1,6,0.167,1,1,1,0,3,8,1,0,5,4,18,-13
1,2,14.27,8,16,0.5,0,1,0,5,6,0.833,1,2,10,2,0,1,1,21,19
1,2,21.45,12,28,0.429,1,6,0.167,6,7,0.857,0,6,4,2,3,6,3,31,-6
1,2,22.55,12,31,0.387,2,9,0.222,11,12,0.917,2,4,6,1,3,3,4,37,-5
1,2,19.67,8,21,0.381,0,6,0,8,13,0.615,2,15,9,2,2,4,3,24,7
1,2,5.58,11,17,0.647,4,7,0.571,3,6,0.5,1,5,4,3,0,2,0,29,35
1,2,14.7,10,22,0.455,2,6,0.333,4,5,0.8,3,4,6,3,1,2,2,26,23
1,2,12.5,12,22,0.545,4,6,0.667,4,4,1,0,8,9,3,1,6,5,32,15
1,2,2.67,17,31,0.548,1,3,0.333,6,8,0.75,2,5,8,3,1,4,4,41,8
1,2,17.63,12,24,0.5,3,6,0.5,5,9,0.556,1,11,8,0,0,3,2,32,-1
1,2,13.37,10,20,0.5,1,3,0.333,15,17,0.882,2,3,6,0,3,2,1,36,23
1,2,15.97,17,27,0.63,1,4,0.25,4,8,0.5,0,3,5,0,0,2,2,39,-2
1,2,18.83,14,22,0.636,3,4,0.75,4,7,0.571,1,4,8,2,1,4,1,35,16
1,2,17.5,10,22,0.455,2,5,0.4,7,12,0.583,0,3,7,0,1,2,2,29,6
1,2,18.97,13,28,0.464,1,4,0.25,2,8,0.25,3,4,2,3,0,3,1,29,3
1,2,12.82,12,25,0.48,0,1,0,5,5,1,0,4,2,1,1,3,3,29,5
1,2,15.8,10,16,0.625,0,1,0,18,22,0.818,0,4,3,3,0,3,4,38,4
1,2,18.65,9,25,0.36,0,3,0,5,9,0.556,3,7,4,1,3,0,2,23,10
1,2,14.35,5,16,0.313,0,2,0,8,12,0.667,1,7,5,1,1,1,3,18,3
1,2,17.13,12,22,0.545,1,4,0.25,4,8,0.5,1,6,6,0,0,2,1,29,22
1,2,12.32,4,13,0.308,1,2,0.5,2,2,1,0,7,3,1,1,2,1,11,15
1,2,19.28,9,22,0.409,1,4,0.25,2,3,0.667,0,5,6,2,0,3,2,21,-12
1,2,11.65,7,13,0.538,0,1,0,4,8,0.5,1,9,3,2,0,1,1,18,17
1,2,11.58,6,18,0.333,2,7,0.286,3,8,0.375,1,5,9,1,0,2,4,17,-12
1,2,18.07,12,22,0.545,3,6,0.5,3,6,0.5,2,7,5,2,0,3,2,30,-8
1,2,5.17,14,26,0.538,3,8,0.375,8,13,0.615,2,8,5,1,0,4,2,39,-8
1,2,19.38,6,15,0.4,0,3,0,6,13,0.462,0,4,5,3,0,2,2,18,-2
1,2,21.87,14,22,0.636,2,7,0.286,2,5,0.4,0,7,5,4,0,9,2,32,5
1,2,19.87,9,23,0.391,0,1,0,12,14,0.857,2,8,10,2,0,3,2,30,-3
1,2,11.12,8,21,0.381,1,4,0.25,6,13,0.462,3,3,2,1,0,4,0,23,-24
1,2,19.57,8,21,0.381,1,7,0.143,13,15,0.867,1,6,8,2,1,4,0,30,-7
1,2,18.03,10,23,0.435,0,1,0,8,8,1,1,5,6,1,0,2,4,28,14
1,2,14.82,15,28,0.536,3,9,0.333,1,2,0.5,2,4,6,1,0,5,2,34,-20
1,2,19.42,14,26,0.538,3,7,0.429,3,3,1,1,3,7,2,1,3,3,34,13
1,2,20,9,21,0.429,1,3,0.333,0,0,0,0,13,4,3,3,5,4,19,4
1,2,18.83,3,13,0.231,0,4,0,2,2,1,0,5,9,1,0,2,1,8,9
1,2,20.78,11,20,0.55,2,3,0.667,8,10,0.8,1,5,4,3,1,3,0,32,3
1,2,16.23,7,17,0.412,0,1,0,5,11,0.455,0,5,5,2,0,3,1,19,6
1,2,16.32,15,26,0.577,3,4,0.75,0,3,0,2,7,3,1,0,5,4,33,6
1,2,20.02,11,21,0.524,2,6,0.333,8,13,0.615,1,3,5,1,1,3,5,32,11
1,2,15.52,10,25,0.4,1,2,0.5,6,8,0.75,1,8,3,1,2,1,1,27,23
1,2,18.9,13,21,0.619,2,3,0.667,4,10,0.4,0,7,1,0,0,7,1,32,3
1,2,19,9,20,0.45,0,1,0,8,8,1,2,8,5,2,0,1,1,26,-20
1,2,16.18,10,22,0.455,1,3,0.333,16,21,0.762,0,1,8,2,1,3,4,37,8
1,2,17.05,10,19,0.526,2,5,0.4,7,9,0.778,1,4,5,0,1,4,4,29,-7
1,2,9.62,9,14,0.643,2,3,0.667,2,3,0.667,0,9,7,1,0,4,3,22,22
1,2,17.62,6,17,0.353,0,2,0,10,11,0.909,1,7,7,1,1,6,1,22,3
1,2,17.6,7,18,0.389,0,3,0,1,1,1,3,4,6,4,0,3,1,15,-4
1,2,7.87,11,16,0.688,1,3,0.333,4,6,0.667,0,7,6,1,1,3,0,27,28
1,2,16.5,11,18,0.611,1,2,0.5,3,5,0.6,1,5,10,1,0,4,1,26,2
1,2,11.73,7,22,0.318,2,6,0.333,5,7,0.714,1,4,4,0,0,3,2,21,-13
1,2,18.92,12,23,0.522,1,3,0.333,6,10,0.6,2,5,8,3,2,4,4,31,8
1,2,17.18,10,22,0.455,0,5,0,7,11,0.636,1,6,6,0,1,5,1,27,-4
1,2,16.83,10,20,0.5,1,4,0.25,4,7,0.571,0,4,11,0,1,7,4,25,2
1,2,18.43,6,14,0.429,2,2,1,16,20,0.8,1,6,5,1,0,3,6,30,1
1,2,15.92,11,24,0.458,2,7,0.286,6,9,0.667,0,10,8,4,0,2,1,30,-7
1,2,17.98,7,21,0.333,1,5,0.2,0,1,0,0,1,9,3,1,3,1,15,3
1,2,9.33,8,20,0.4,0,1,0,4,5,0.8,2,3,4,2,0,3,2,20,-22
1,2,16.5,12,24,0.5,2,5,0.4,11,14,0.786,2,7,6,1,2,4,1,37,12
1,2,14.9,10,15,0.667,3,6,0.5,9,11,0.818,0,7,7,2,1,4,2,32,16
1,2,17.33,10,19,0.526,3,4,0.75,6,9,0.667,0,4,6,2,1,3,2,29,10
1,2,19.53,9,17,0.529,1,4,0.25,19,23,0.826,1,7,5,3,0,2,4,38,6
1,2,13.83,6,13,0.462,0,1,0,7,8,0.875,0,4,12,3,2,3,0,19,26
1,2,23.28,13,26,0.5,3,8,0.375,5,11,0.455,0,7,6,2,1,2,1,34,-3
1,2,14.1,3,13,0.231,1,3,0.333,9,10,0.9,4,5,7,0,1,2,0,16,-3
1,2,17.88,14,26,0.538,1,2,0.5,6,11,0.545,1,9,4,1,1,2,3,35,6
1,2,16.63,11,24,0.458,2,4,0.5,2,6,0.333,3,7,5,0,2,5,2,26,3
1,2,22.75,11,24,0.458,0,4,0,5,8,0.625,3,5,2,1,0,3,2,27,-16
1,2,23.83,8,20,0.4,1,5,0.2,15,18,0.833,0,11,5,1,1,7,2,32,-2
1,2,22.83,13,30,0.433,1,4,0.25,5,7,0.714,3,2,5,2,1,2,3,32,2
1,2,0,8,23,0.348,1,2,0.5,5,10,0.5,1,7,9,2,2,8,3,22,2
1,2,0,9,18,0.5,1,4,0.25,2,2,1,0,10,10,4,1,4,2,21,9
1,2,23.53,11,23,0.478,2,5,0.4,6,8,0.75,2,12,7,0,0,3,4,30,-4
1,2,12,9,18,0.5,2,5,0.4,2,2,1,1,3,4,0,0,4,3,22,-31
1,2,5,15,25,0.6,1,6,0.167,1,3,0.333,0,7,7,2,1,5,4,32,1
1,2,22.12,14,23,0.609,0,1,0,17,18,0.944,5,2,6,2,0,4,5,45,-4
1,2,21.33,13,23,0.565,7,12,0.583,5,7,0.714,1,5,5,0,0,7,5,38,-16
1,2,23.62,16,28,0.571,3,5,0.6,6,9,0.667,1,4,3,2,0,4,3,41,1
1,2,19.47,7,25,0.28,1,6,0.167,11,15,0.733,2,7,2,2,3,10,5,26,-2
1,2,5.53,8,16,0.5,0,0,0,1,2,0.5,0,5,4,1,1,3,2,17,-17
1,2,7.35,8,18,0.444,0,3,0,6,8,0.75,0,3,1,0,0,2,0,22,-11
1,2,18.12,12,24,0.5,0,3,0,8,12,0.667,1,3,6,0,0,2,1,32,3
1,2,20.15,12,26,0.462,0,3,0,13,16,0.813,1,4,7,1,0,6,5,37,5
1,2,20.8,12,24,0.5,4,7,0.571,8,14,0.571,0,2,7,3,0,5,3,36,-2
1,2,10.67,13,22,0.591,4,10,0.4,7,9,0.778,1,3,7,4,0,3,4,37,15
1,2,17.28,13,24,0.542,2,5,0.4,7,9,0.778,1,11,8,1,2,3,5,35,2
1,2,21.48,16,25,0.64,2,6,0.333,13,14,0.929,4,8,9,2,0,4,3,47,13
1,2,19.43,16,23,0.696,4,7,0.571,10,13,0.769,0,5,4,3,0,2,3,46,16
1,2,0.93,14,34,0.412,0,4,0,8,11,0.727,3,3,5,2,0,2,2,36,4
1,2,20.85,13,26,0.5,4,8,0.5,6,8,0.75,3,4,8,2,3,0,2,36,8
1,2,2.18,10,21,0.476,1,5,0.2,16,23,0.696,0,11,12,0,1,5,4,37,5
1,2,22.87,10,24,0.417,3,4,0.75,6,10,0.6,1,7,7,1,0,7,3,29,0
1,2,20.17,9,23,0.391,1,6,0.167,8,10,0.8,2,7,5,6,0,1,2,27,14
1,2,20.97,14,27,0.519,0,2,0,8,8,1,1,11,5,0,2,4,1,36,-8
1,2,21.28,11,27,0.407,1,6,0.167,24,28,0.857,2,5,4,0,1,5,2,47,-7
1,2,14.97,9,22,0.409,2,6,0.333,5,6,0.833,2,5,2,2,1,5,0,25,-18
1,2,20.28,13,24,0.542,1,3,0.333,8,12,0.667,1,5,6,1,0,0,2,35,-4
1,2,19.73,5,17,0.294,2,6,0.333,5,6,0.833,1,11,8,1,0,2,2,17,14
1,2,22.45,15,28,0.536,1,3,0.333,6,6,1,0,9,7,2,0,3,3,37,23
1,2,22.62,11,27,0.407,0,3,0,11,13,0.846,2,9,8,0,1,5,4,33,4
1,2,20.67,7,21,0.333,1,4,0.25,4,7,0.571,1,6,12,1,2,5,1,19,-5
1,2,22.57,9,22,0.409,0,3,0,8,10,0.8,1,3,6,0,1,5,0,26,-10
1,2,13.77,9,20,0.45,2,3,0.667,2,3,0.667,1,8,7,0,0,3,3,22,-17
1,2,23.77,7,21,0.333,3,8,0.375,8,19,0.421,0,7,9,1,0,4,2,25,-8
1,2,19.12,13,24,0.542,1,4,0.25,6,10,0.6,3,3,5,2,1,6,3,33,-7
1,2,18.85,10,24,0.417,1,5,0.2,5,7,0.714,0,2,9,1,2,2,0,26,21
1,2,5.92,16,32,0.5,0,5,0,11,15,0.733,1,11,11,2,4,2,5,43,5
1,2,16.72,19,33,0.576,1,3,0.333,5,8,0.625,2,1,5,4,0,2,0,44,12
1,2,19.8,10,17,0.588,5,6,0.833,8,8,1,1,4,6,1,2,2,5,33,-15
1,2,21.38,6,23,0.261,0,3,0,6,8,0.75,1,8,8,1,0,2,2,18,-13
1,2,21.63,11,34,0.324,1,5,0.2,12,17,0.706,1,10,8,1,0,0,3,35,10
1,2,21.35,9,20,0.45,2,7,0.286,2,4,0.5,0,9,12,0,2,4,4,22,-3
1,2,23.18,10,17,0.588,2,7,0.286,9,10,0.9,2,2,6,2,1,4,0,31,-7
1,2,15.3,12,29,0.414,2,5,0.4,3,3,1,1,4,7,1,0,1,0,29,-15
1,2,20.43,8,21,0.381,0,2,0,10,12,0.833,0,11,10,1,1,4,2,26,5
1,2,7.57,11,19,0.579,2,6,0.333,6,11,0.545,1,5,6,5,1,4,2,30,30
1,2,18.75,17,33,0.515,3,7,0.429,7,12,0.583,1,10,7,1,1,6,1,44,5
1,2,21.1,12,23,0.522,1,2,0.5,5,8,0.625,1,6,9,3,1,6,1,30,4
1,2,21.9,11,22,0.5,1,5,0.2,15,20,0.75,1,8,6,3,1,5,2,38,10
1,2,11.37,7,21,0.333,2,5,0.4,7,10,0.7,0,7,8,2,2,1,0,23,33
1,2,18.78,19,35,0.543,4,8,0.5,9,11,0.818,0,5,8,2,0,3,4,51,19
1,2,11.2,5,22,0.227,0,3,0,4,6,0.667,1,8,6,0,0,6,3,14,-9
1,2,17.58,7,20,0.35,2,6,0.333,8,15,0.533,2,9,9,0,0,2,5,24,-3
1,2,17.32,10,26,0.385,1,5,0.2,8,11,0.727,2,11,7,1,3,2,3,29,12
1,2,19.75,18,28,0.643,5,8,0.625,5,5,1,0,7,8,1,0,1,1,46,-5
1,2,16.1,11,22,0.5,2,3,0.667,4,9,0.444,0,2,9,0,0,5,2,28,5
1,2,22,14,31,0.452,0,7,0,8,11,0.727,0,7,7,0,1,1,0,36,-2
1,2,21.2,14,22,0.636,3,7,0.429,4,9,0.444,2,5,6,0,1,0,1,35,4
1,2,20.25,13,19,0.684,3,7,0.429,3,6,0.5,1,8,5,1,0,3,4,32,-10
1,2,21.7,12,29,0.414,2,8,0.25,6,7,0.857,2,9,11,5,1,4,1,32,8
1,2,20.55,11,22,0.5,2,5,0.4,6,7,0.857,1,6,7,4,1,5,2,30,5
1,2,16.3,12,21,0.571,1,5,0.2,6,9,0.667,1,9,8,2,0,4,3,31,-2
1,2,20.97,12,25,0.48,0,5,0,8,12,0.667,1,7,6,2,2,2,0,32,14
1,2,19.85,4,16,0.25,0,1,0,6,11,0.545,1,7,9,1,0,3,1,14,1
1,2,19.85,12,25,0.48,4,6,0.667,9,13,0.692,0,5,6,4,0,2,2,37,15
1,2,4.92,8,12,0.667,1,1,1,8,9,0.889,2,4,4,3,2,5,1,25,20
1,2,22.38,12,19,0.632,2,4,0.5,15,16,0.938,0,5,10,1,0,4,3,41,9
1,2,21.1,11,18,0.611,1,4,0.25,3,6,0.5,0,4,9,1,0,3,3,26,16
1,2,21.13,13,23,0.565,3,6,0.5,10,16,0.625,0,10,6,2,0,6,5,39,-4
1,2,18.8,19,29,0.655,5,9,0.556,9,10,0.9,0,7,7,2,0,3,5,52,-3
1,2,20.82,11,26,0.423,0,4,0,10,15,0.667,2,4,3,0,1,7,3,32,-4
1,2,20.32,10,23,0.435,1,5,0.2,9,12,0.75,2,4,6,2,3,5,2,30,3
1,2,20.68,8,25,0.32,3,5,0.6,11,14,0.786,0,5,6,1,1,1,3,30,-11
1,2,21.12,14,27,0.519,0,5,0,6,8,0.75,0,3,8,1,3,1,1,34,-2
1,2,1.93,7,20,0.35,0,3,0,14,17,0.824,0,7,9,1,1,6,1,28,6
1,2,20.07,13,29,0.448,6,11,0.545,6,6,1,2,3,2,4,0,2,2,38,-3
1,2,19.03,6,20,0.3,0,4,0,7,11,0.636,1,9,4,5,1,6,4,19,-18
1,2,16.98,13,20,0.65,1,3,0.333,9,11,0.818,0,5,4,2,2,1,4,36,14
1,2,22.85,14,24,0.583,0,2,0,8,10,0.8,2,9,10,1,1,5,1,36,8
1,2,9.93,6,17,0.353,0,3,0,4,6,0.667,1,5,4,2,0,4,2,16,25
1,2,18.43,15,23,0.652,2,3,0.667,5,5,1,1,9,4,0,2,3,1,37,17
1,2,0.9,9,20,0.45,1,4,0.25,7,11,0.636,0,5,3,0,1,2,2,26,7
1,2,1.67,5,11,0.455,0,1,0,6,6,1,1,5,2,3,1,3,5,16,24
1,2,11.63,10,18,0.556,0,2,0,11,11,1,1,4,1,0,1,4,1,31,25
1,2,12.47,9,17,0.529,0,2,0,9,12,0.75,0,3,6,1,2,1,3,27,0
1,2,16.85,14,29,0.483,4,9,0.444,4,5,0.8,0,2,6,2,0,2,2,36,-3
1,2,12.57,7,16,0.438,0,3,0,6,7,0.857,0,6,4,0,1,3,3,20,-19
1,2,9.38,9,16,0.563,6,7,0.857,7,8,0.875,1,2,4,2,0,3,3,31,22
1,2,0,10,23,0.435,2,8,0.25,5,10,0.5,2,12,14,0,1,2,1,27,9
1,2,22.1,13,27,0.481,2,3,0.667,4,5,0.8,1,7,6,5,0,3,3,32,13
1,2,21.2,12,35,0.343,2,7,0.286,11,14,0.786,3,8,6,0,1,1,0,37,-6
1,2,0,16,33,0.485,1,6,0.167,5,8,0.625,2,4,6,1,0,1,3,38,-8
1,2,17.52,7,25,0.28,4,13,0.308,9,14,0.643,1,17,7,2,2,4,3,27,1
1,2,0,12,23,0.522,1,6,0.167,8,10,0.8,1,6,6,5,1,2,4,33,8
1,2,22.58,15,26,0.577,7,13,0.538,3,3,1,1,9,10,2,1,3,2,40,13
1,2,0,12,30,0.4,2,6,0.333,11,11,1,4,9,7,5,0,5,1,37,-5
1,2,9.28,9,18,0.5,0,3,0,2,4,0.5,2,2,3,1,0,2,2,20,-15
1,2,15.83,9,19,0.474,3,6,0.5,3,6,0.5,2,7,4,2,2,6,2,24,-21
1,2,0,10,23,0.435,4,8,0.5,13,13,1,2,8,7,2,1,6,3,37,20
1,2,20.15,13,21,0.619,2,4,0.5,7,10,0.7,0,8,9,2,0,7,2,35,-15
1,2,5,10,28,0.357,1,4,0.25,5,11,0.455,4,2,7,4,2,3,5,26,-12
1,2,16.78,7,20,0.35,2,8,0.25,6,7,0.857,0,7,5,2,1,1,0,22,11
1,2,5,16,29,0.552,3,10,0.3,9,11,0.818,2,4,3,4,0,10,3,44,1
1,2,11.65,7,17,0.412,0,2,0,5,6,0.833,1,3,6,0,0,3,1,19,-24
1,2,17.78,7,22,0.318,1,4,0.25,4,7,0.571,0,4,8,1,0,2,1,19,-17
1,2,18.93,11,24,0.458,2,7,0.286,5,8,0.625,1,5,6,1,0,0,1,29,21
1,3,0,18,36,0.5,6,12,0.5,14,15,0.933,2,8,5,2,0,4,0,56,-7
1,2,22,3,20,0.15,0,4,0,10,12,0.833,0,8,8,4,0,4,0,16,-8
1,2,21.12,13,26,0.5,4,9,0.444,4,7,0.571,1,6,6,1,0,5,0,34,-14
1,2,10.18,11,15,0.733,2,5,0.4,12,16,0.75,2,7,2,0,1,1,1,36,22
1,2,18.85,12,23,0.522,1,5,0.2,10,11,0.909,2,3,5,1,0,4,1,35,12
1,2,16.62,9,22,0.409,2,6,0.333,3,4,0.75,0,7,8,1,1,1,3,23,18
1,2,16.23,9,19,0.474,0,1,0,5,7,0.714,0,4,5,2,0,1,1,23,-17
1,2,15.95,12,21,0.571,0,1,0,10,12,0.833,1,6,7,4,0,6,1,34,-10
1,2,16.85,11,20,0.55,5,7,0.714,5,8,0.625,0,5,5,0,0,4,2,32,-7
1,2,20.68,6,22,0.273,1,4,0.25,7,10,0.7,1,7,7,0,0,2,3,20,2
1,2,21.08,9,20,0.45,1,2,0.5,9,10,0.9,1,3,7,2,0,5,4,28,-10
1,2,16.48,9,25,0.36,0,1,0,3,4,0.75,3,4,5,2,1,2,0,21,-11
1,2,20.32,8,17,0.471,1,1,1,10,15,0.667,1,5,11,5,0,3,2,27,7
1,2,17.03,10,19,0.526,1,2,0.5,5,6,0.833,2,5,8,1,0,2,0,26,-1
1,2,13,11,20,0.55,2,2,1,4,5,0.8,0,5,6,3,0,3,0,28,27
1,2,21.7,8,20,0.4,0,0,0,9,10,0.9,2,6,9,3,1,3,3,25,9
1,2,19.08,12,29,0.414,1,6,0.167,10,12,0.833,2,4,6,1,0,4,2,35,-13
1,2,12.17,6,14,0.429,0,3,0,3,4,0.75,1,7,11,3,0,2,1,15,15
1,2,21.6,9,21,0.429,0,3,0,12,13,0.923,0,6,9,2,0,1,2,30,10
1,3,21.95,11,23,0.478,1,3,0.333,8,12,0.667,2,0,10,3,0,2,2,31,-8
1,3,19.33,10,20,0.5,0,3,0,8,13,0.615,2,3,7,0,1,3,2,28,-3
1,2,17.78,10,16,0.625,4,6,0.667,3,4,0.75,1,8,15,3,2,5,1,27,7
1,2,0,12,26,0.462,1,1,1,6,10,0.6,4,6,8,2,1,5,3,31,-9
1,2,19.25,13,24,0.542,0,1,0,2,2,1,1,11,10,1,1,3,1,28,19
1,2,12.62,9,19,0.474,0,1,0,0,1,0,1,7,6,1,0,3,0,18,-24
1,2,19.78,11,16,0.688,1,1,1,4,6,0.667,1,10,10,4,0,2,4,27,0
1,2,20.15,14,30,0.467,3,7,0.429,4,6,0.667,2,3,11,4,1,1,4,35,-7
1,2,17.3,9,20,0.45,0,1,0,9,14,0.643,1,7,5,5,0,3,2,27,11
1,2,20.33,12,26,0.462,1,4,0.25,3,4,0.75,3,10,9,1,1,4,1,28,-1
1,2,1.03,11,24,0.458,2,5,0.4,5,7,0.714,1,7,9,2,1,8,1,29,7
1,2,8.7,10,14,0.714,0,0,0,2,2,1,1,2,4,0,2,8,2,22,5
1,2,15.65,7,14,0.5,2,5,0.4,4,6,0.667,1,5,9,1,1,2,4,20,10
1,2,16.3,11,19,0.579,0,3,0,4,6,0.667,2,6,6,2,0,1,3,26,14
1,2,17.38,0,5,0,0,1,0,3,5,0.6,0,3,5,0,0,0,0,3,-10
1,2,22.33,13,25,0.52,3,5,0.6,11,14,0.786,1,8,7,1,0,1,2,40,8
1,2,20.67,7,16,0.438,0,1,0,8,9,0.889,1,8,14,4,1,5,2,22,8
1,3,18.63,7,18,0.389,1,1,1,8,10,0.8,1,8,9,1,0,4,2,23,-3
1,2,19.18,10,18,0.556,0,1,0,6,8,0.75,0,6,12,1,0,2,2,26,13
1,2,16.53,12,25,0.48,3,5,0.6,4,8,0.5,1,4,4,3,1,4,6,31,-1
1,2,21.07,4,21,0.19,0,2,0,3,5,0.6,1,8,7,4,1,3,2,11,-8
1,2,13.15,10,18,0.556,2,3,0.667,3,3,1,2,9,7,3,2,3,1,25,18
1,2,21.82,14,22,0.636,1,3,0.333,2,4,0.5,0,5,8,7,0,3,2,31,10
1,2,17.22,10,19,0.526,1,3,0.333,2,2,1,3,3,10,4,0,3,2,23,-18
1,2,13.3,5,15,0.333,0,2,0,9,12,0.75,0,2,6,1,1,4,2,19,-22
1,2,22.08,11,22,0.5,0,1,0,5,6,0.833,0,2,8,3,0,3,4,27,6
1,2,18.83,10,17,0.588,1,3,0.333,6,7,0.857,0,6,10,2,1,3,2,27,15
1,2,17.17,8,17,0.471,0,0,0,1,2,0.5,1,7,9,2,1,5,3,17,23
1,2,16.78,6,19,0.316,0,2,0,3,4,0.75,1,2,6,2,1,6,2,15,-17
1,2,18.32,9,19,0.474,0,2,0,4,5,0.8,1,6,5,6,1,3,2,22,-16
1,2,7.92,11,17,0.647,1,2,0.5,3,4,0.75,1,6,7,1,0,2,0,26,25
1,2,18.8,9,13,0.692,0,2,0,2,3,0.667,0,6,8,3,1,2,2,20,6
1,2,13.5,15,22,0.682,2,3,0.667,11,12,0.917,3,3,5,3,1,3,3,43,11
1,2,16.68,5,15,0.333,1,3,0.333,2,3,0.667,2,7,10,1,1,5,3,13,1
1,2,13.82,11,20,0.55,0,2,0,3,4,0.75,5,3,2,3,1,7,0,25,24
1,2,5.1,8,14,0.571,2,3,0.667,1,2,0.5,1,5,9,0,0,1,3,19,21
1,2,17.97,12,22,0.545,3,5,0.6,6,8,0.75,2,10,4,2,1,1,1,33,15
1,2,13.4,10,20,0.5,0,3,0,4,5,0.8,1,8,4,3,2,4,0,24,25
1,3,0.23,13,24,0.542,1,2,0.5,11,12,0.917,3,7,6,3,3,3,1,38,14
1,2,0,8,17,0.471,1,4,0.25,8,12,0.667,1,9,4,4,2,3,2,25,14
1,2,17.88,8,20,0.4,0,3,0,15,22,0.682,2,6,6,3,0,4,0,31,-12
1,2,18.33,9,22,0.409,2,3,0.667,1,1,1,3,3,8,1,0,1,0,21,-8
1,2,2.93,8,19,0.421,2,5,0.4,10,12,0.833,1,4,8,1,3,6,2,28,-10
1,3,11.08,8,17,0.471,0,3,0,1,1,1,0,1,5,3,0,5,1,17,-6
1,3,21.3,9,20,0.45,1,4,0.25,8,11,0.727,1,6,9,2,0,1,1,27,11
1,3,7.63,4,11,0.364,0,2,0,2,5,0.4,1,2,11,0,0,2,3,10,14
1,3,18.22,6,14,0.429,1,1,1,11,15,0.733,1,6,8,1,0,8,2,24,-16
1,3,12.58,4,11,0.364,0,0,0,6,7,0.857,0,3,5,3,0,2,4,14,-11
1,3,22,5,17,0.294,0,0,0,11,14,0.786,1,5,4,3,0,3,2,21,2
1,3,22.25,12,28,0.429,3,5,0.6,7,11,0.636,3,5,10,1,1,3,1,34,-3
1,3,12.63,9,19,0.474,0,0,0,2,2,1,0,7,7,5,0,5,3,20,-13
1,3,18.08,13,22,0.591,0,2,0,2,4,0.5,1,4,6,4,0,3,2,28,-10
1,3,7.67,9,20,0.45,0,1,0,0,0,0,0,2,4,0,1,2,0,18,-14
1,3,19.8,15,29,0.517,1,2,0.5,10,10,1,2,4,13,3,0,2,1,41,10
1,3,8.77,5,13,0.385,1,2,0.5,5,9,0.556,2,1,7,0,1,5,1,16,-24
1,3,16.97,8,21,0.381,2,5,0.4,7,9,0.778,1,1,6,3,1,5,0,25,-12
1,3,12.75,5,17,0.294,1,4,0.25,4,5,0.8,2,5,3,0,2,4,4,15,-21
1,3,10.27,4,14,0.286,0,2,0,6,10,0.6,0,0,7,2,1,2,3,14,-2
1,3,8.13,5,16,0.313,2,3,0.667,5,8,0.625,3,2,8,0,5,4,1,17,24
1,3,20.15,12,22,0.545,0,2,0,2,4,0.5,0,3,4,3,1,4,3,26,5
1,3,9.77,4,13,0.308,0,0,0,6,7,0.857,1,2,4,1,0,2,2,14,16
1,3,21.1,11,23,0.478,1,4,0.25,11,13,0.846,2,4,7,1,0,2,1,34,11
1,3,18.7,11,24,0.458,0,3,0,2,3,0.667,2,5,10,4,1,2,3,24,9
1,3,13.78,7,17,0.412,2,2,1,3,4,0.75,2,4,4,2,0,4,5,19,1
1,3,3.6,9,17,0.529,1,2,0.5,5,6,0.833,1,6,3,1,1,1,0,24,22
1,3,16.8,7,17,0.412,0,2,0,4,6,0.667,0,3,3,4,1,3,2,18,-4
1,3,1.22,11,19,0.579,1,1,1,7,8,0.875,1,10,3,3,1,5,1,30,7
1,3,14.63,5,18,0.278,0,2,0,1,3,0.333,2,5,5,2,1,2,1,11,-5
1,3,12.6,7,16,0.438,1,5,0.2,6,6,1,0,4,6,2,5,1,3,21,4
1,3,19.78,7,20,0.35,0,0,0,8,12,0.667,1,4,3,1,0,1,2,22,11
1,3,15.62,14,23,0.609,0,0,0,4,4,1,2,9,2,2,1,2,0,32,3
1,3,9.65,6,12,0.5,0,0,0,4,4,1,2,2,9,0,1,5,2,16,-15
1,3,5.53,2,13,0.154,0,1,0,5,5,1,1,1,5,1,0,5,0,9,-12
1,3,19.3,9,25,0.36,1,6,0.167,5,6,0.833,0,6,3,2,1,1,3,24,19
1,3,10.07,6,16,0.375,0,0,0,2,2,1,0,0,6,4,1,3,2,14,-24
1,3,20.58,6,18,0.333,1,3,0.333,1,4,0.25,1,8,5,0,0,3,2,14,-16
1,3,19.08,12,26,0.462,4,4,1,4,5,0.8,0,4,4,0,0,0,0,32,-2
1,3,14.18,5,19,0.263,0,1,0,2,2,1,1,3,6,2,0,1,2,12,-1
1,3,19.4,14,27,0.519,1,2,0.5,9,11,0.818,3,3,4,0,2,6,4,38,0
1,3,13.28,7,25,0.28,1,6,0.167,5,8,0.625,2,6,3,1,0,5,5,20,3
1,3,20.4,10,25,0.4,0,1,0,7,10,0.7,0,5,4,2,1,1,1,27,2
1,3,5.97,7,19,0.368,1,2,0.5,1,2,0.5,0,5,3,0,2,3,4,16,-10
1,3,20.42,12,28,0.429,2,4,0.5,3,5,0.6,1,6,2,2,1,4,2,29,8
1,3,19.42,8,21,0.381,2,5,0.4,11,13,0.846,2,4,6,3,0,2,0,29,-14
1,3,19.9,11,26,0.423,0,1,0,5,6,0.833,4,5,9,2,0,4,2,27,11
1,3,12.43,6,20,0.3,0,3,0,4,5,0.8,1,4,7,1,1,6,3,16,3
1,3,18.22,7,19,0.368,0,3,0,5,7,0.714,0,3,6,3,0,5,1,19,-30
1,3,14.23,10,23,0.435,0,3,0,1,2,0.5,0,2,5,0,0,2,3,21,-2
1,3,17.42,6,17,0.353,0,2,0,2,2,1,0,4,10,1,1,4,1,14,10
1,3,12.07,6,19,0.316,0,4,0,2,4,0.5,1,3,9,1,0,3,2,14,-14
1,3,14.12,9,20,0.45,0,4,0,4,6,0.667,2,8,4,0,0,4,2,22,-2
1,3,15.08,15,23,0.652,0,2,0,2,2,1,3,7,9,3,0,5,1,32,11
1,3,10.33,7,24,0.292,1,4,0.25,3,4,0.75,1,2,4,1,2,5,0,18,-12
1,3,23.1,13,28,0.464,4,10,0.4,4,5,0.8,1,1,6,2,1,8,0,34,-9
1,3,15.17,7,22,0.318,1,6,0.167,7,8,0.875,2,4,2,6,1,5,1,22,9
1,3,17.73,11,22,0.5,0,5,0,10,12,0.833,1,5,10,2,2,4,2,32,9
1,3,17.68,14,24,0.583,5,7,0.714,3,3,1,1,3,5,4,0,4,1,36,9
1,3,12,7,19,0.368,2,4,0.5,1,2,0.5,0,1,3,0,0,2,2,17,-9
1,3,19.67,10,16,0.625,0,3,0,7,8,0.875,1,3,6,3,3,6,1,27,-12
1,3,21.42,10,20,0.5,1,5,0.2,16,18,0.889,1,2,4,0,0,2,2,37,-2
1,3,18.77,8,21,0.381,1,3,0.333,6,8,0.75,1,2,9,1,1,4,3,23,9
1,3,13.05,7,16,0.438,0,0,0,4,4,1,0,5,3,1,0,2,2,18,-2
1,3,12.07,4,12,0.333,0,2,0,0,0,0,1,5,5,2,1,3,2,8,-5
1,3,10.08,2,13,0.154,0,3,0,0,0,0,4,2,8,2,0,5,2,4,3
1,3,8.52,6,19,0.316,2,3,0.667,5,7,0.714,3,3,5,2,0,2,4,19,-12
1,3,6.68,14,28,0.5,3,6,0.5,2,3,0.667,2,14,7,1,1,8,1,33,-10
1,3,12.45,2,8,0.25,0,2,0,2,3,0.667,0,2,7,0,0,4,3,6,-10
1,3,14.8,5,17,0.294,1,4,0.25,4,4,1,2,6,9,0,0,4,1,15,-13
1,3,18.3,3,16,0.188,0,1,0,9,10,0.9,2,4,4,2,1,3,1,15,-6
1,3,11.3,8,19,0.421,0,2,0,3,3,1,2,7,2,1,0,1,4,19,-5
1,3,15.15,10,18,0.556,2,4,0.5,6,8,0.75,2,5,8,2,1,4,2,28,-5
1,3,15.42,6,16,0.375,0,2,0,2,4,0.5,2,5,8,0,1,3,2,14,1
1,3,22.95,10,19,0.526,0,1,0,2,4,0.5,0,5,8,1,2,5,2,22,8
1,3,11.6,3,12,0.25,2,4,0.5,2,4,0.5,1,4,3,0,0,4,3,10,-1
1,3,18.67,6,15,0.4,2,5,0.4,4,6,0.667,1,2,7,2,1,4,3,18,-4
1,3,9.65,7,12,0.583,3,3,1,0,0,0,1,4,4,1,1,2,0,17,20
1,3,20.5,8,19,0.421,0,0,0,1,4,0.25,5,3,9,1,1,2,1,17,14
1,3,19.73,8,18,0.444,1,2,0.5,6,7,0.857,0,5,3,0,0,7,2,23,-7
1,3,17.1,3,11,0.273,0,2,0,1,1,1,2,9,7,2,3,2,1,7,-3
1,3,15.17,3,12,0.25,0,1,0,2,2,1,0,4,6,2,0,2,3,8,-21
1,3,16.35,8,17,0.471,1,5,0.2,4,7,0.571,2,10,8,1,0,7,1,21,-3
1,3,18.83,12,20,0.6,0,2,0,1,3,0.333,2,4,9,4,0,2,3,25,-9
2,2,20.15,9,19,0.474,0,3,0,8,9,0.889,4,7,13,1,2,6,2,26,20
2,2,20.35,10,20,0.5,1,4,0.25,5,8,0.625,3,6,12,2,0,3,2,26,8
2,2,19.83,11,23,0.478,1,4,0.25,6,8,0.75,5,9,3,0,0,4,1,29,8
2,2,18.32,10,22,0.455,0,2,0,12,12,1,2,6,5,1,0,2,4,32,6
2,2,21.83,11,24,0.458,1,3,0.333,7,9,0.778,1,8,4,4,0,4,1,30,-11
2,2,23.53,9,21,0.429,1,5,0.2,12,17,0.706,2,10,2,1,1,3,0,31,13
2,2,20.82,19,26,0.731,2,4,0.5,5,9,0.556,2,13,5,0,0,4,3,45,22
2,2,21.33,11,25,0.44,2,6,0.333,6,8,0.75,3,10,2,2,1,3,1,30,0
2,2,0.1,12,25,0.48,1,3,0.333,4,8,0.5,1,5,3,1,1,7,6,29,1
2,2,19.3,16,26,0.615,1,4,0.25,1,5,0.2,0,8,5,2,2,3,4,34,-6
2,2,23.65,7,20,0.35,2,6,0.333,18,24,0.75,4,6,7,1,1,1,2,34,10
2,2,19.88,13,22,0.591,0,3,0,6,9,0.667,1,12,3,1,3,3,2,32,17
2,2,20.77,12,23,0.522,0,3,0,4,5,0.8,1,5,7,3,0,1,1,28,16
2,2,14.15,12,19,0.632,2,4,0.5,4,4,1,3,7,8,1,1,4,1,30,28
2,2,19.9,14,27,0.519,0,0,0,12,16,0.75,6,12,9,2,2,5,1,40,4
2,2,16.1,10,22,0.455,1,4,0.25,1,3,0.333,1,6,3,2,0,4,1,22,-9
2,2,18.82,10,22,0.455,0,4,0,8,13,0.615,4,5,5,6,0,2,0,28,-7
2,2,19.25,12,26,0.462,0,3,0,8,10,0.8,6,9,5,2,1,1,1,32,12
2,2,15.63,7,16,0.438,2,6,0.333,13,15,0.867,1,7,7,2,1,4,2,29,6
2,2,17.45,9,21,0.429,2,5,0.4,7,8,0.875,0,4,4,1,0,5,4,27,-7
2,2,11.83,9,21,0.429,2,5,0.4,12,13,0.923,2,6,5,2,0,8,5,32,23
2,2,16.58,8,18,0.444,0,3,0,3,7,0.429,1,6,9,2,0,2,1,19,10
2,2,7.68,10,14,0.714,1,1,1,11,14,0.786,1,3,3,4,0,2,2,32,35
2,2,11.87,11,21,0.524,1,3,0.333,9,10,0.9,1,7,5,1,2,5,1,32,12
2,2,11.33,8,18,0.444,1,2,0.5,10,12,0.833,0,11,6,0,1,1,3,27,11
2,2,6.2,12,15,0.8,1,1,1,3,4,0.75,0,5,4,2,0,5,0,28,20
2,2,11.2,11,19,0.579,1,2,0.5,14,15,0.933,1,5,7,2,1,4,2,37,-4
2,2,16.25,11,24,0.458,1,6,0.167,6,9,0.667,2,8,3,2,0,6,4,29,18
2,2,4.73,7,16,0.438,0,1,0,5,7,0.714,1,8,5,2,1,2,1,19,18
2,2,23.3,11,24,0.458,3,6,0.5,5,7,0.714,1,5,5,1,1,4,1,30,-1
2,2,16.85,11,23,0.478,1,3,0.333,13,14,0.929,5,2,7,1,1,2,3,36,-6
2,2,8.25,12,22,0.545,1,3,0.333,1,5,0.2,3,1,2,0,1,1,1,26,10
2,2,13.63,8,19,0.421,2,6,0.333,3,4,0.75,2,4,6,2,0,3,0,21,-6
2,2,17.5,10,20,0.5,3,7,0.429,11,13,0.846,1,6,10,4,1,2,2,34,20
2,3,14.07,15,25,0.6,1,2,0.5,10,13,0.769,3,3,4,3,1,4,0,41,12
2,2,10.62,11,20,0.55,0,0,0,1,2,0.5,2,2,0,0,1,2,1,23,-30
2,2,14.52,11,18,0.611,0,2,0,4,6,0.667,1,3,9,1,0,3,0,26,9
2,2,12.22,8,16,0.5,0,2,0,3,3,1,3,6,5,2,0,3,3,19,9
2,2,16.82,9,21,0.429,2,4,0.5,4,6,0.667,2,7,2,1,0,6,1,24,-14
2,2,15.6,8,18,0.444,0,3,0,1,1,1,0,3,7,2,0,4,2,17,-10
2,2,13.43,6,15,0.4,0,3,0,5,5,1,0,6,10,4,1,5,0,17,8
2,2,13.9,8,18,0.444,0,3,0,4,6,0.667,1,7,6,2,2,3,2,20,15
2,2,14.97,4,14,0.286,0,1,0,6,8,0.75,0,12,7,5,0,4,4,14,13
2,2,14.25,12,20,0.6,0,2,0,5,8,0.625,2,5,8,2,2,1,0,29,10
2,2,15.63,14,25,0.56,2,3,0.667,5,5,1,1,4,4,4,0,2,2,35,5
2,2,18.42,7,20,0.35,2,4,0.5,3,3,1,3,8,8,1,1,6,0,19,0
2,2,23.1,8,19,0.421,2,3,0.667,9,15,0.6,1,7,4,4,1,4,1,27,3
2,2,17.67,12,20,0.6,0,3,0,7,10,0.7,4,7,2,1,2,2,1,31,7
2,2,5.6,9,11,0.818,1,1,1,2,2,1,1,8,6,0,0,5,0,21,20
2,2,19.03,12,26,0.462,0,4,0,1,3,0.333,7,6,7,3,2,3,1,25,-13
2,2,20.4,16,24,0.667,1,4,0.25,2,3,0.667,1,9,6,0,3,0,2,35,7
2,2,17.03,13,22,0.591,2,2,1,10,12,0.833,2,9,6,5,1,0,1,38,8
2,2,16.68,7,16,0.438,0,0,0,6,6,1,1,8,8,5,2,4,3,20,12
2,2,9.22,7,11,0.636,2,2,1,2,2,1,0,4,8,0,2,3,1,18,7
2,2,12.63,9,14,0.643,1,2,0.5,6,7,0.857,1,10,8,2,0,2,2,25,23
2,2,6.13,11,19,0.579,3,5,0.6,3,3,1,2,3,5,1,1,2,2,28,27
2,2,9.4,7,15,0.467,2,5,0.4,7,8,0.875,2,7,7,4,0,2,2,23,27
2,2,8.9,16,21,0.762,0,0,0,3,3,1,3,5,3,1,0,2,3,35,14
2,2,6.43,6,15,0.4,1,3,0.333,10,12,0.833,3,10,6,1,0,2,1,23,26
2,2,9.28,6,14,0.429,0,2,0,6,7,0.857,0,2,9,0,2,1,1,18,14
2,2,15.25,5,15,0.333,0,2,0,7,10,0.7,0,6,10,3,0,3,0,17,-1
2,2,14.67,9,16,0.563,0,1,0,6,7,0.857,1,4,6,2,0,6,1,24,5
2,2,14.48,10,17,0.588,0,1,0,10,12,0.833,0,9,2,1,0,5,1,30,11
2,2,13.22,8,16,0.5,0,1,0,3,6,0.5,1,11,8,0,2,2,2,19,19
2,2,16.28,14,24,0.583,4,7,0.571,8,10,0.8,0,8,5,2,0,7,1,40,-6
2,2,5.73,8,12,0.667,1,2,0.5,5,7,0.714,4,7,8,1,0,4,1,22,29
2,2,16.97,12,23,0.522,1,1,1,10,15,0.667,1,10,5,0,1,6,2,35,3
2,2,16.28,11,18,0.611,0,2,0,9,10,0.9,1,7,7,0,0,4,2,31,4
2,2,17.65,9,20,0.45,1,3,0.333,13,14,0.929,1,5,7,2,0,4,3,32,6
2,2,13.8,8,21,0.381,1,4,0.25,1,4,0.25,1,4,5,2,0,5,1,18,9
2,2,13.37,8,18,0.444,0,1,0,12,13,0.923,4,9,5,1,0,3,2,28,-4
2,2,11.78,12,17,0.706,0,0,0,4,4,1,0,9,5,4,3,4,1,28,9
2,2,13.22,12,27,0.444,2,3,0.667,5,7,0.714,3,5,8,4,3,3,4,31,0
2,2,10.88,12,21,0.571,4,6,0.667,5,9,0.556,1,4,10,0,0,4,0,33,19
2,2,13.18,13,20,0.65,3,5,0.6,6,11,0.545,1,4,6,2,1,4,0,35,-16
2,2,17.88,7,19,0.368,0,1,0,9,17,0.529,2,11,7,2,0,6,5,23,-9
2,2,18.55,10,19,0.526,0,2,0,6,8,0.75,1,10,7,2,0,5,1,26,-5
2,2,13.38,11,17,0.647,0,1,0,10,12,0.833,0,7,9,2,1,8,2,32,7
2,2,13.68,12,21,0.571,0,0,0,9,11,0.818,2,6,13,2,0,2,2,33,31
2,2,14.55,11,18,0.611,0,0,0,6,9,0.667,2,5,6,0,0,4,1,28,-1
2,2,4.03,6,10,0.6,0,0,0,4,6,0.667,0,9,5,1,0,2,2,16,24
2,2,13.22,16,26,0.615,0,1,0,2,4,0.5,1,7,10,4,1,4,2,34,14
2,2,14.82,13,23,0.565,0,0,0,9,9,1,0,6,7,3,2,2,0,35,5
2,2,12,9,14,0.643,0,0,0,8,9,0.889,1,5,5,2,1,3,3,26,-7
2,2,12.27,11,19,0.579,0,0,0,15,19,0.789,3,7,6,2,2,3,3,37,27
2,2,16.35,9,15,0.6,2,5,0.4,1,4,0.25,1,3,6,1,1,6,2,21,-24
2,2,21.63,8,19,0.421,0,4,0,1,2,0.5,1,9,10,0,1,4,3,17,-11
2,2,21.72,3,11,0.273,0,3,0,2,4,0.5,3,6,7,2,0,4,4,8,-6
2,2,21.25,6,14,0.429,1,4,0.25,4,4,1,0,3,9,2,0,4,3,17,1
2,2,15.62,8,15,0.533,2,7,0.286,2,4,0.5,1,7,4,4,1,5,4,20,-5
2,2,21.25,9,16,0.563,4,5,0.8,2,2,1,0,9,5,1,0,1,4,24,9
2,2,21.77,8,19,0.421,3,6,0.5,9,11,0.818,0,11,6,3,2,4,2,28,8
2,2,1.38,11,26,0.423,0,1,0,13,13,1,2,4,6,2,2,5,4,35,-1
2,2,19.92,6,13,0.462,1,2,0.5,9,9,1,1,5,10,2,2,0,4,22,16
2,2,21.65,12,21,0.571,2,6,0.333,3,7,0.429,3,7,5,3,0,5,3,29,8
2,2,17.2,5,15,0.333,1,3,0.333,4,4,1,1,5,6,2,3,4,2,15,-14
2,2,21.72,11,20,0.55,5,7,0.714,6,9,0.667,2,5,4,1,1,5,1,33,14
2,2,2.28,12,28,0.429,2,6,0.333,9,9,1,3,11,3,3,0,5,3,35,7
2,2,18.8,6,16,0.375,0,3,0,3,7,0.429,2,5,4,2,5,4,3,15,-21
2,2,20.05,14,25,0.56,2,4,0.5,5,8,0.625,2,5,2,1,1,0,3,35,10
2,2,15.9,8,19,0.421,1,3,0.333,5,9,0.556,1,5,5,2,2,3,2,22,1
2,2,17.67,5,13,0.385,2,5,0.4,4,5,0.8,3,7,8,1,0,3,2,16,5
2,2,19.55,11,20,0.55,0,4,0,9,11,0.818,2,5,6,1,1,1,2,31,-4
2,2,20.27,8,15,0.533,1,4,0.25,7,10,0.7,1,14,6,1,0,1,1,24,8
2,2,14.92,10,19,0.526,1,1,1,8,10,0.8,1,6,6,0,0,0,1,29,24
2,2,18.72,4,14,0.286,0,2,0,13,14,0.929,4,10,5,1,3,2,3,21,4
2,2,18.65,10,21,0.476,2,4,0.5,12,14,0.857,1,9,7,3,0,7,1,34,7
2,2,13.18,11,19,0.579,0,2,0,5,9,0.556,0,5,7,4,1,4,1,27,24
2,2,13.38,9,16,0.563,0,1,0,5,6,0.833,1,6,9,2,1,1,2,23,12
2,2,15.42,10,22,0.455,3,7,0.429,6,8,0.75,1,1,8,2,2,4,2,29,-10
2,2,14.92,13,18,0.722,0,2,0,5,8,0.625,2,9,7,3,0,7,2,31,13
2,2,18.88,11,20,0.55,0,1,0,5,7,0.714,2,4,10,3,1,3,2,27,15
2,2,19.82,12,16,0.75,1,3,0.333,10,13,0.769,1,7,8,5,0,5,3,35,20
2,2,19.28,10,21,0.476,1,5,0.2,6,10,0.6,0,10,12,0,0,3,3,27,-9
2,2,16.45,13,21,0.619,0,1,0,7,9,0.778,1,9,7,0,0,2,1,33,5
2,2,17.02,11,17,0.647,1,4,0.25,9,9,1,2,8,2,3,1,4,3,32,17
2,2,18.08,8,16,0.5,0,3,0,3,4,0.75,3,5,7,0,0,3,3,19,6
2,2,16.67,15,25,0.6,1,4,0.25,2,2,1,0,6,2,2,0,5,3,33,16
2,2,6.9,16,21,0.762,5,7,0.714,6,7,0.857,0,2,3,0,0,4,2,43,23
2,2,15.5,8,21,0.381,0,3,0,3,3,1,0,8,3,1,1,1,0,19,-6
2,2,17.52,8,19,0.421,0,1,0,5,5,1,0,6,8,0,2,2,3,21,22
2,2,7.92,10,16,0.625,2,4,0.5,5,6,0.833,1,4,5,1,2,3,1,27,17
2,2,18.27,7,17,0.412,0,3,0,5,7,0.714,1,7,9,1,0,1,1,19,8
2,2,21.53,14,20,0.7,2,4,0.5,1,4,0.25,1,10,8,1,0,4,3,31,-2
2,2,17.83,10,18,0.556,1,2,0.5,5,6,0.833,3,5,6,2,0,2,2,26,-4
2,2,12.13,11,19,0.579,1,3,0.333,3,7,0.429,3,5,7,1,0,4,2,26,-16
2,2,15.93,11,16,0.688,0,2,0,7,7,1,2,4,4,0,2,2,2,29,0
2,2,15.13,10,20,0.5,1,5,0.2,6,8,0.75,0,7,5,3,1,5,2,27,-3
2,2,18.77,5,11,0.455,0,1,0,15,19,0.789,1,8,7,1,3,1,2,25,-4
2,2,17.43,12,21,0.571,0,4,0,5,6,0.833,0,10,5,2,1,2,1,29,3
2,2,6.4,14,26,0.538,3,6,0.5,0,3,0,2,6,3,0,0,3,4,31,18
2,2,13.63,8,18,0.444,0,2,0,7,10,0.7,3,10,8,0,0,5,1,23,6
2,2,16.92,11,20,0.55,1,3,0.333,4,6,0.667,1,5,5,2,2,5,1,27,9
2,2,19.47,10,21,0.476,0,2,0,2,3,0.667,1,6,7,1,0,4,2,22,1
2,2,10.72,7,17,0.412,0,2,0,2,3,0.667,0,8,10,4,0,3,0,16,15
2,2,17.73,15,23,0.652,2,5,0.4,9,13,0.692,3,10,8,3,1,4,1,41,18
2,2,11.62,6,15,0.4,0,2,0,0,2,0,1,5,4,4,0,6,2,12,14
2,2,12.65,7,13,0.538,0,3,0,5,6,0.833,1,7,9,0,0,3,3,19,10
2,2,18.65,17,25,0.68,3,5,0.6,14,17,0.824,2,9,8,1,1,3,2,51,2
2,2,7.37,7,14,0.5,0,0,0,10,11,0.909,1,3,8,0,2,2,1,24,20
2,2,16.22,7,14,0.5,2,5,0.4,7,11,0.636,0,4,13,4,3,4,3,23,6
2,2,20.32,15,25,0.6,2,4,0.5,7,10,0.7,0,8,9,1,2,3,1,39,4
2,2,18.53,7,24,0.292,0,2,0,10,12,0.833,2,9,5,2,2,4,3,24,5
2,2,14,14,29,0.483,1,3,0.333,9,14,0.643,1,10,6,2,1,1,2,38,13
2,2,20.28,11,30,0.367,2,10,0.2,10,11,0.909,2,8,7,2,0,6,3,34,-5
2,2,15.73,11,24,0.458,3,6,0.5,2,5,0.4,2,6,6,0,0,3,1,27,-3
2,2,22.18,17,26,0.654,3,5,0.6,7,10,0.7,3,10,6,2,0,6,4,44,5
2,2,21.27,8,23,0.348,1,4,0.25,9,11,0.818,1,9,5,6,1,5,2,26,7
2,2,12.58,8,15,0.533,0,0,0,9,11,0.818,1,5,9,0,2,2,2,25,10
2,2,12.57,15,26,0.577,2,4,0.5,6,6,1,0,9,5,1,0,3,3,38,20
2,2,17.52,7,15,0.467,0,3,0,11,17,0.647,2,5,10,1,1,3,1,25,6
2,2,15.15,8,15,0.533,0,4,0,4,4,1,0,6,9,1,0,3,3,20,16
2,2,16.42,8,17,0.471,1,2,0.5,1,3,0.333,0,10,8,0,0,3,3,18,16
2,2,14.18,8,14,0.571,5,6,0.833,6,6,1,1,10,10,4,0,1,2,27,15
2,2,13.38,13,22,0.591,2,5,0.4,8,8,1,1,5,4,3,0,5,5,36,4
2,2,12.08,6,17,0.353,2,4,0.5,5,7,0.714,3,7,7,0,0,5,4,19,-20
2,2,16.52,9,19,0.474,3,7,0.429,11,12,0.917,1,6,6,1,0,4,3,32,6
2,2,14.22,14,23,0.609,3,6,0.5,1,3,0.333,1,10,10,1,0,5,1,32,31
2,2,14.52,5,15,0.333,0,4,0,11,18,0.611,2,11,5,1,0,4,1,21,0
2,2,16.3,6,16,0.375,0,3,0,8,10,0.8,1,3,7,0,0,5,2,20,11
2,2,11.18,10,19,0.526,2,3,0.667,3,5,0.6,1,9,3,2,0,3,1,25,15
2,2,6.72,10,18,0.556,3,4,0.75,2,3,0.667,0,7,9,1,1,4,1,25,22
2,2,15.43,12,20,0.6,3,5,0.6,6,7,0.857,1,6,9,0,0,2,4,33,0
2,2,14.68,7,16,0.438,1,3,0.333,2,4,0.5,0,6,6,1,1,1,5,17,17
2,2,13.32,5,11,0.455,1,1,1,11,13,0.846,0,7,4,1,1,2,1,22,7
2,2,6.03,15,25,0.6,2,7,0.286,6,9,0.667,0,5,8,1,1,0,1,38,26
2,2,7.23,8,15,0.533,1,1,1,1,2,0.5,2,4,3,1,0,4,0,18,17
2,2,14.18,10,18,0.556,1,1,1,9,11,0.818,1,5,5,1,1,7,3,30,3
2,2,12.07,5,19,0.263,0,4,0,13,15,0.867,2,6,4,1,0,5,3,23,-14
2,2,16.57,5,15,0.333,1,5,0.2,9,11,0.818,1,7,6,2,1,2,1,20,11
2,2,16.73,9,18,0.5,1,3,0.333,6,8,0.75,1,5,4,1,0,3,3,25,-15
2,2,17.57,6,14,0.429,2,8,0.25,11,15,0.733,0,5,6,1,0,6,3,25,-1
2,2,18.1,11,23,0.478,2,4,0.5,5,6,0.833,0,3,11,1,0,4,2,29,-1
2,2,15.48,12,25,0.48,2,5,0.4,6,7,0.857,0,2,5,2,0,4,1,32,4
2,2,23.05,9,15,0.6,0,2,0,2,3,0.667,3,5,9,3,0,3,5,20,24
2,2,15.33,8,21,0.381,0,1,0,7,11,0.636,1,1,11,2,0,3,0,23,11
2,2,20.47,9,21,0.429,0,5,0,17,22,0.773,0,10,9,3,0,4,3,35,0
2,2,22.73,5,18,0.278,0,1,0,10,11,0.909,2,9,14,1,3,2,3,20,4
2,2,9.58,9,16,0.563,2,4,0.5,3,5,0.6,0,3,9,2,0,4,1,23,11
2,2,17.2,6,16,0.375,1,2,0.5,7,8,0.875,0,7,10,3,1,3,0,20,-6
2,2,8.43,7,12,0.583,0,2,0,6,8,0.75,0,0,12,2,1,1,0,20,32
2,2,4.95,5,12,0.417,0,4,0,10,12,0.833,0,7,7,2,0,5,3,20,18
2,2,6.03,6,13,0.462,2,3,0.667,1,2,0.5,0,6,7,0,0,3,4,15,13
2,2,13.55,5,12,0.417,0,2,0,6,6,1,0,6,7,2,1,9,1,16,6
2,2,18.65,10,21,0.476,3,6,0.5,8,12,0.667,0,4,3,1,2,8,1,31,1
1,2,22.2,8,21,0.381,2,4,0.5,9,12,0.75,3,16,10,3,1,9,2,27,-5
1,2,17.67,3,14,0.214,0,4,0,9,12,0.75,1,5,7,1,0,3,3,15,-22
1,2,19.23,7,18,0.389,0,5,0,8,11,0.727,1,8,8,2,1,7,4,22,-10
1,2,15.27,14,22,0.636,2,3,0.667,8,9,0.889,2,6,7,1,2,1,1,38,30
1,2,17.15,7,15,0.467,0,4,0,10,15,0.667,0,7,4,3,2,5,1,24,-16
1,2,19.2,12,24,0.5,3,6,0.5,8,11,0.727,2,5,7,3,2,2,1,35,7
1,2,19.22,5,12,0.417,1,2,0.5,8,14,0.571,3,7,9,0,2,3,1,19,1
1,2,12.4,11,17,0.647,6,9,0.667,9,10,0.9,0,12,11,2,1,2,3,37,29
1,2,20.27,14,26,0.538,4,8,0.5,7,13,0.538,2,8,8,2,3,5,3,39,5
1,2,17.08,16,23,0.696,2,4,0.5,6,6,1,1,7,8,1,2,2,2,40,6
1,2,16.23,9,19,0.474,0,1,0,6,7,0.857,0,6,5,1,4,3,2,24,19
1,2,11.57,5,13,0.385,0,2,0,9,10,0.9,0,6,13,0,1,4,1,19,19
1,2,20.53,14,31,0.452,0,9,0,14,22,0.636,1,6,9,1,1,3,0,42,-1
1,2,14.37,11,20,0.55,1,3,0.333,4,7,0.571,0,13,6,2,0,2,1,27,11
1,2,15.08,7,17,0.412,0,1,0,9,13,0.692,1,8,7,1,1,4,2,23,10
1,2,15.08,13,22,0.591,3,6,0.5,5,6,0.833,1,6,8,3,0,3,2,34,8
1,2,15.3,11,21,0.524,1,6,0.167,4,7,0.571,0,5,10,2,0,5,2,27,-5
1,2,16.75,15,22,0.682,1,5,0.2,7,8,0.875,2,4,9,1,0,3,2,38,9
1,2,6.8,5,9,0.556,2,3,0.667,3,3,1,0,3,7,0,1,0,0,15,17
1,2,13.52,9,21,0.429,0,3,0,11,12,0.917,1,10,7,2,2,5,1,29,5
1,2,14.72,11,24,0.458,2,4,0.5,8,10,0.8,1,8,9,3,2,6,2,32,14
1,2,19.12,10,22,0.455,1,3,0.333,8,11,0.727,2,10,12,1,1,4,0,29,13
1,2,14.87,9,21,0.429,1,3,0.333,11,16,0.688,3,5,7,2,3,2,2,30,3
1,2,18.1,7,18,0.389,3,10,0.3,6,12,0.5,0,6,10,1,3,1,2,23,2
1,2,17.87,16,27,0.593,3,7,0.429,5,6,0.833,2,11,6,3,2,4,1,40,12
1,2,16.68,10,18,0.556,0,4,0,6,7,0.857,2,5,14,3,1,3,1,26,18
1,2,7.23,9,17,0.529,1,4,0.25,3,5,0.6,0,7,7,2,2,3,0,22,39
1,2,20.4,10,17,0.588,1,4,0.25,15,16,0.938,0,6,9,2,0,1,2,36,8
1,2,11.95,11,23,0.478,3,6,0.5,11,15,0.733,1,6,9,0,0,2,2,36,9
1,2,20.12,7,16,0.438,2,6,0.333,4,4,1,1,4,13,2,0,0,0,20,17
1,2,15.38,12,25,0.48,1,6,0.167,8,12,0.667,0,9,6,2,1,5,0,33,-9
1,2,11.5,6,14,0.429,2,6,0.333,8,10,0.8,1,2,9,4,0,2,2,22,-2
1,2,23,15,33,0.455,1,9,0.111,12,17,0.706,1,12,15,2,4,3,1,43,-5
1,2,21.08,10,21,0.476,2,6,0.333,10,12,0.833,1,7,13,2,0,3,2,32,16
1,2,18.35,13,21,0.619,1,4,0.25,5,9,0.556,0,3,11,1,0,3,0,32,-2
1,2,19.85,17,31,0.548,6,12,0.5,7,7,1,1,7,8,5,0,5,2,47,4
1,2,16.1,9,16,0.563,1,4,0.25,17,21,0.81,2,5,8,2,0,4,1,36,20
1,2,13.12,7,14,0.5,1,4,0.25,7,7,1,1,5,15,1,1,4,2,22,19
1,2,15.92,10,20,0.5,5,6,0.833,7,8,0.875,1,2,11,1,0,1,1,32,15
1,2,11.65,6,18,0.333,0,4,0,10,17,0.588,0,9,13,2,4,5,2,22,22
1,2,6.55,3,8,0.375,1,3,0.333,5,6,0.833,0,6,11,1,1,3,1,12,16
1,2,14.52,9,23,0.391,2,9,0.222,12,17,0.706,0,9,4,1,0,4,3,32,1
1,2,18.63,9,19,0.474,6,10,0.6,13,19,0.684,0,9,12,1,1,6,2,37,-1
1,2,16.4,13,25,0.52,1,9,0.111,10,13,0.769,0,5,9,2,1,4,3,37,5
1,2,17.02,8,18,0.444,0,7,0,12,14,0.857,0,9,11,3,3,3,1,28,12
1,2,14.9,12,20,0.6,3,6,0.5,5,7,0.714,2,2,4,2,1,5,3,32,-1
1,2,16.42,12,20,0.6,4,6,0.667,8,12,0.667,1,8,6,5,1,5,1,36,7
1,2,17.62,12,23,0.522,1,4,0.25,12,14,0.857,1,7,11,2,4,2,1,37,12
1,2,21.27,13,19,0.684,3,4,0.75,12,14,0.857,0,10,8,0,1,3,1,41,16
1,2,17.3,12,28,0.429,2,8,0.25,9,13,0.692,2,4,7,1,0,8,1,35,6
1,2,6.83,7,12,0.583,1,4,0.25,8,11,0.727,2,5,8,1,2,1,0,23,16
1,2,18.85,13,21,0.619,2,6,0.333,1,2,0.5,0,7,6,1,1,1,3,29,-2
1,2,12.45,7,16,0.438,1,4,0.25,13,15,0.867,1,8,7,1,2,1,0,28,10
1,2,19.2,15,23,0.652,4,6,0.667,14,16,0.875,3,7,6,2,2,3,3,48,7
1,2,15.6,6,20,0.3,0,5,0,2,3,0.667,1,7,10,5,1,4,2,14,6
1,2,5.43,12,20,0.6,2,5,0.4,3,4,0.75,2,3,6,3,1,1,0,29,16
1,2,16.73,9,19,0.474,2,7,0.286,6,11,0.545,0,4,9,2,1,7,3,26,8
1,2,19.68,14,30,0.467,1,4,0.25,5,7,0.714,4,12,10,0,0,2,1,34,26
1,2,14.43,11,21,0.524,1,3,0.333,6,6,1,1,5,4,2,0,3,3,29,26
1,2,19.08,9,23,0.391,2,6,0.333,5,7,0.714,0,3,6,2,2,2,3,25,-5
1,2,14.37,6,13,0.462,2,4,0.5,12,14,0.857,1,9,8,0,3,6,1,26,3
1,2,16.28,12,26,0.462,3,6,0.5,9,11,0.818,1,5,7,3,1,3,2,36,10
1,2,16.47,9,19,0.474,1,5,0.2,4,6,0.667,1,5,7,2,0,6,3,23,7
1,2,14.58,16,29,0.552,5,8,0.625,7,10,0.7,0,7,6,4,1,1,1,44,13
1,2,13.6,14,24,0.583,1,2,0.5,4,6,0.667,1,6,7,1,2,4,1,33,8
1,2,15.67,8,21,0.381,2,4,0.5,9,10,0.9,1,5,7,1,1,5,2,27,-13
1,2,20.78,14,29,0.483,4,11,0.364,11,12,0.917,4,9,6,0,1,5,2,43,6
1,2,8.3,4,10,0.4,0,0,0,6,7,0.857,1,4,10,1,1,5,2,14,8
1,2,10.2,8,17,0.471,1,3,0.333,6,10,0.6,0,6,11,0,0,1,1,23,19
1,2,10.62,6,15,0.4,0,3,0,0,0,0,1,7,10,1,1,3,0,12,19
1,2,12.35,10,20,0.5,0,2,0,5,7,0.714,0,5,12,0,0,1,2,25,8
1,2,14.02,10,19,0.526,2,7,0.286,3,4,0.75,0,6,4,0,0,6,4,25,3
1,2,14.82,12,24,0.5,1,4,0.25,9,11,0.818,1,7,7,1,0,5,2,34,12
1,2,14.53,13,20,0.65,2,4,0.5,4,6,0.667,0,7,9,0,0,5,3,32,11
1,2,13.88,13,25,0.52,1,3,0.333,13,14,0.929,2,7,7,1,1,2,1,40,4
1,2,11.13,12,20,0.6,3,7,0.429,7,8,0.875,0,2,9,2,0,6,4,34,-12
1,2,14.53,11,19,0.579,1,5,0.2,8,10,0.8,0,5,12,1,2,2,2,31,8
1,2,13.55,6,15,0.4,0,3,0,9,12,0.75,0,6,9,2,1,2,1,21,6
1,2,14.88,8,20,0.4,2,4,0.5,16,18,0.889,1,3,7,2,1,2,2,34,6
1,2,15.12,13,23,0.565,2,3,0.667,8,9,0.889,2,6,4,1,0,4,2,36,7
1,2,11.62,12,17,0.706,2,4,0.5,7,9,0.778,0,8,9,3,0,7,3,33,8
1,2,14.22,9,17,0.529,1,4,0.25,6,9,0.667,0,7,6,1,1,3,0,25,-1
1,2,11.98,7,16,0.438,2,7,0.286,11,13,0.846,3,5,6,3,0,4,0,27,5
1,2,13.23,5,11,0.455,0,1,0,4,6,0.667,1,6,9,0,0,4,1,14,19
1,2,9.43,10,18,0.556,2,3,0.667,2,3,0.667,2,7,6,1,1,2,1,24,17
1,2,15.78,7,19,0.368,1,5,0.2,8,14,0.571,2,9,12,2,0,4,1,23,2
1,2,20.92,12,22,0.545,4,9,0.444,10,13,0.769,0,4,8,2,4,5,4,38,0
3,2,12.42,11,20,0.55,0,5,0,3,3,1,0,9,8,4,0,6,3,25,-16
3,2,0.6,9,16,0.563,4,8,0.5,1,2,0.5,0,3,11,2,1,6,1,23,20
3,2,13.58,10,18,0.556,2,6,0.333,7,11,0.636,2,3,11,2,1,5,2,29,3
3,2,11.13,13,24,0.542,4,7,0.571,3,8,0.375,1,3,14,0,1,3,2,33,6
3,2,14.83,14,27,0.519,2,9,0.222,0,0,0,1,5,4,2,0,5,1,30,7
3,2,11.62,9,20,0.45,1,3,0.333,4,6,0.667,1,5,14,1,1,5,2,23,3
3,2,13.13,10,21,0.476,2,5,0.4,3,5,0.6,0,11,10,2,0,7,2,25,6
3,2,9.12,13,21,0.619,6,10,0.6,1,1,1,0,7,12,1,1,0,1,33,30
3,2,14.67,10,20,0.5,2,7,0.286,7,7,1,3,1,11,3,0,2,1,29,13
3,2,2.48,11,21,0.524,1,5,0.2,0,1,0,2,4,12,1,1,4,1,23,13
3,2,13.07,8,18,0.444,1,4,0.25,2,7,0.286,0,7,11,0,0,1,0,19,-2
3,2,11.33,5,15,0.333,0,2,0,3,6,0.5,3,10,15,0,1,2,0,13,-6
3,2,12.05,10,19,0.526,4,7,0.571,1,2,0.5,1,3,6,0,0,3,2,25,16
3,2,11.18,10,19,0.526,2,6,0.333,8,9,0.889,0,10,11,2,1,2,3,30,17
3,2,13.3,8,23,0.348,0,6,0,5,10,0.5,1,10,13,2,1,5,2,21,15
3,2,18.52,13,23,0.565,4,9,0.444,9,11,0.818,0,12,16,4,1,4,5,39,15
3,2,4.32,8,15,0.533,2,5,0.4,5,7,0.714,0,2,8,0,1,6,0,23,2
3,2,11.02,7,14,0.5,1,3,0.333,5,5,1,1,5,12,1,0,4,0,20,17
3,2,6.57,12,22,0.545,1,4,0.25,7,8,0.875,2,5,10,1,0,1,0,32,17
3,2,12,7,19,0.368,1,5,0.2,3,4,0.75,1,9,8,1,1,5,3,18,-8
3,2,0.57,6,9,0.667,1,2,0.5,5,6,0.833,0,4,11,1,0,2,0,18,30
3,2,12,2,7,0.286,0,1,0,2,2,1,1,2,4,1,0,2,0,6,-1
3,2,0.6,7,15,0.467,2,3,0.667,4,4,1,0,6,2,0,0,1,1,20,-4
3,3,17.98,5,10,0.5,0,2,0,5,8,0.625,2,1,8,1,0,2,2,15,14
3,2,7.97,11,19,0.579,4,7,0.571,1,2,0.5,0,3,9,0,0,6,1,27,14
3,2,9.9,11,20,0.55,1,6,0.167,0,2,0,0,7,14,1,0,3,1,23,3
3,2,11.27,9,22,0.409,3,6,0.5,8,9,0.889,2,9,11,2,1,4,1,29,5
3,2,12.7,8,25,0.32,1,7,0.143,8,12,0.667,3,6,14,1,1,8,3,25,-2
3,2,11,11,26,0.423,0,6,0,11,13,0.846,2,4,8,0,1,2,2,33,9
3,2,7.78,12,23,0.522,1,5,0.2,4,7,0.571,0,4,6,1,0,4,2,29,0
3,2,9.4,15,23,0.652,2,4,0.5,4,5,0.8,1,9,4,2,0,5,2,36,9
3,2,3.77,13,23,0.565,1,5,0.2,3,7,0.429,2,8,12,0,0,3,0,30,11
3,2,7.12,13,22,0.591,2,7,0.286,3,8,0.375,0,7,7,1,1,4,4,31,-8
3,2,18.4,9,18,0.5,1,6,0.167,8,12,0.667,0,8,6,1,1,2,3,27,-11
3,2,16.77,10,21,0.476,4,9,0.444,3,7,0.429,0,9,16,0,0,3,2,27,-1
3,2,14.82,10,19,0.526,3,8,0.375,8,10,0.8,2,5,10,1,0,3,2,31,-4
3,2,13.32,13,24,0.542,4,9,0.444,3,8,0.375,1,5,10,2,1,2,2,33,2
3,2,15.73,8,23,0.348,0,4,0,8,10,0.8,3,9,11,3,0,5,3,24,2
3,2,14.52,11,17,0.647,3,6,0.5,2,6,0.333,0,7,12,4,1,4,0,27,-10
3,2,16.13,11,23,0.478,0,4,0,7,10,0.7,4,8,6,1,1,4,1,29,6
3,2,19.05,8,20,0.4,3,10,0.3,9,11,0.818,2,9,16,3,1,2,3,28,0
3,2,9.15,8,16,0.5,2,6,0.333,0,0,0,0,10,9,0,0,4,3,18,0
3,2,13.73,11,21,0.524,5,10,0.5,1,5,0.2,2,10,12,3,0,3,4,28,11
3,2,6.22,7,12,0.583,2,5,0.4,2,3,0.667,0,7,9,1,0,6,1,18,-17
3,2,16.43,9,22,0.409,1,6,0.167,5,7,0.714,1,13,9,1,0,4,0,24,2
3,2,21.25,6,11,0.545,0,2,0,5,8,0.625,2,11,5,1,0,2,1,17,5
3,2,11.62,8,14,0.571,2,5,0.4,4,4,1,1,13,7,1,1,4,0,22,-3
3,2,14.75,8,20,0.4,0,4,0,6,9,0.667,2,10,14,2,0,2,3,22,13
3,2,17.2,13,23,0.565,2,7,0.286,8,13,0.615,1,12,8,1,1,5,1,36,4
3,2,8,5,16,0.313,0,2,0,3,6,0.5,0,6,3,0,1,4,0,13,-21
3,2,6.18,7,15,0.467,2,6,0.333,8,12,0.667,1,11,11,1,0,3,0,24,31
3,2,12.43,12,18,0.667,3,6,0.5,2,6,0.333,0,5,4,2,0,3,1,29,-9
3,2,13.52,10,19,0.526,4,7,0.571,4,8,0.5,0,9,12,1,0,2,0,28,18
3,2,7.63,9,18,0.5,0,3,0,2,3,0.667,1,7,9,2,0,5,2,20,21
3,2,13.35,13,28,0.464,3,8,0.375,6,9,0.667,2,6,11,2,0,1,4,35,-19
3,2,15.72,15,24,0.625,3,7,0.429,9,13,0.692,0,5,6,2,0,2,1,42,19
3,2,6.98,9,17,0.529,1,5,0.2,3,4,0.75,0,6,8,0,1,5,0,22,12
3,2,7.33,12,21,0.571,2,4,0.5,2,4,0.5,2,3,4,0,1,4,3,28,10
3,2,14.15,15,27,0.556,2,7,0.286,6,10,0.6,1,8,7,2,0,4,2,38,19
3,2,6.07,5,15,0.333,0,4,0,4,6,0.667,0,7,2,2,2,4,0,14,-23
3,2,16.45,8,14,0.571,2,7,0.286,6,11,0.545,0,4,7,0,1,6,4,24,-14
3,2,11.08,8,17,0.471,2,5,0.4,4,6,0.667,1,9,7,2,1,5,1,22,13
3,2,11.5,11,20,0.55,2,6,0.333,8,12,0.667,2,12,7,0,1,4,3,32,9
3,2,14.48,19,31,0.613,6,8,0.75,7,10,0.7,1,7,3,2,1,2,3,51,20
3,2,1.88,8,19,0.421,3,6,0.5,3,4,0.75,0,4,7,0,1,3,0,22,-11
3,2,12,13,19,0.684,5,6,0.833,13,15,0.867,2,8,9,1,3,4,0,44,4
3,2,10.3,10,20,0.5,3,9,0.333,3,7,0.429,3,4,4,2,0,4,1,26,22
3,2,7.28,10,18,0.556,3,6,0.5,2,3,0.667,1,6,2,1,0,3,2,25,2
3,2,14.53,10,21,0.476,3,9,0.333,1,2,0.5,1,10,9,0,2,3,1,24,3
3,2,4.27,6,12,0.5,2,3,0.667,4,7,0.571,0,2,6,0,1,3,3,18,-16
3,2,7.35,9,20,0.45,1,5,0.2,9,11,0.818,0,5,7,0,2,3,1,28,-22
3,2,14.58,11,19,0.579,2,3,0.667,5,7,0.714,0,5,6,3,0,3,3,29,5
3,2,12.27,11,23,0.478,3,6,0.5,4,5,0.8,3,7,8,2,2,5,2,29,-6
3,2,10.3,13,21,0.619,2,6,0.333,7,8,0.875,1,10,4,2,0,4,3,35,-1
3,2,10.67,10,17,0.588,1,5,0.2,7,10,0.7,0,11,11,3,0,2,3,28,13
3,2,4.07,7,16,0.438,1,5,0.2,4,4,1,0,7,10,3,0,0,1,19,19
3,2,18.87,11,25,0.44,2,8,0.25,8,11,0.727,2,6,14,1,1,5,2,32,-5
3,2,14.87,9,22,0.409,1,7,0.143,5,7,0.714,0,5,5,2,1,1,0,24,-13
3,2,13.33,9,16,0.563,0,4,0,8,9,0.889,2,10,6,1,0,6,3,26,-4
3,2,17.62,5,8,0.625,1,2,0.5,4,5,0.8,0,10,5,1,0,1,0,15,4
3,2,15.63,6,10,0.6,0,1,0,6,6,1,0,3,4,0,0,3,2,18,-2
3,2,14.65,5,6,0.833,1,1,1,2,3,0.667,0,3,3,2,1,4,0,13,13
3,2,15.32,2,6,0.333,2,2,1,3,4,0.75,0,3,3,0,0,1,2,9,1
1,2,16.57,7,13,0.538,0,1,0,9,11,0.818,1,6,8,0,1,6,5,23,-21
1,2,22.87,13,28,0.464,1,6,0.167,6,7,0.857,3,7,11,2,2,4,2,33,-8
1,2,19.85,10,20,0.5,2,4,0.5,7,9,0.778,1,8,13,2,0,5,2,29,-18
1,2,23.53,19,32,0.594,3,7,0.429,10,11,0.909,4,4,8,1,1,5,2,51,-13
1,2,0,12,24,0.5,3,8,0.375,8,11,0.727,0,15,9,0,2,8,4,35,8
1,2,22.1,17,33,0.515,5,7,0.714,7,11,0.636,3,8,9,3,1,3,2,46,15
1,2,15.27,11,22,0.5,1,6,0.167,3,4,0.75,0,10,5,1,0,6,2,26,-11
1,2,17.88,17,28,0.607,1,4,0.25,9,13,0.692,1,4,3,2,0,7,3,44,9
1,2,13.5,8,12,0.667,3,3,1,8,10,0.8,1,4,12,2,2,3,3,27,31
1,2,14.77,16,29,0.552,5,11,0.455,5,10,0.5,1,9,12,0,1,6,3,42,-9
1,2,12.12,5,16,0.313,0,5,0,5,6,0.833,0,7,9,0,2,7,1,15,-32
1,2,14.4,12,19,0.632,0,3,0,5,8,0.625,0,8,11,2,1,2,2,29,28
1,2,17.27,14,26,0.538,1,4,0.25,9,11,0.818,1,5,7,3,1,4,1,38,2
1,2,16.5,19,28,0.679,1,3,0.333,4,8,0.5,1,7,14,1,0,1,1,43,20
1,2,22.93,12,30,0.4,1,8,0.125,1,6,0.167,0,11,13,1,2,1,2,26,5
1,2,19.42,16,25,0.64,2,3,0.667,11,15,0.733,2,6,7,4,0,4,4,45,-2
1,2,7.18,7,16,0.438,3,6,0.5,5,5,1,0,5,7,1,2,4,3,22,-24
1,2,17.82,14,24,0.583,1,4,0.25,15,15,1,3,7,8,1,1,5,3,44,2
1,2,22.15,12,22,0.545,0,5,0,8,9,0.889,2,11,7,0,2,1,3,32,3
1,2,17.68,10,22,0.455,4,7,0.571,4,6,0.667,3,9,8,1,1,6,1,28,-1
1,2,15.88,17,24,0.708,2,5,0.4,10,13,0.769,1,11,5,2,0,3,1,46,7
1,2,19.93,7,17,0.412,0,4,0,10,14,0.714,3,7,12,1,1,3,2,24,-13
1,2,10.55,4,9,0.444,0,2,0,2,3,0.667,1,4,2,1,0,3,0,10,5
1,2,14.63,7,16,0.438,3,6,0.5,9,10,0.9,0,6,11,1,0,4,2,26,14
1,2,16.18,17,29,0.586,4,8,0.5,6,11,0.545,1,10,11,2,1,8,0,44,7
1,2,14.8,12,20,0.6,2,7,0.286,7,10,0.7,2,7,14,0,0,6,2,33,13
1,2,13.27,8,14,0.571,3,6,0.5,8,11,0.727,0,10,6,0,0,5,2,27,12
1,2,14.53,5,21,0.238,2,3,0.667,4,4,1,3,10,12,0,0,2,1,16,7
1,2,17.75,12,24,0.5,0,4,0,3,3,1,1,8,11,1,0,1,0,27,16
1,2,12.88,14,26,0.538,4,8,0.5,9,11,0.818,2,8,8,1,0,4,1,41,21
1,2,13.98,7,18,0.389,0,4,0,4,5,0.8,1,5,7,0,0,6,1,18,-19
1,2,14.05,14,19,0.737,1,4,0.25,8,10,0.8,2,8,8,1,0,2,3,37,11
1,2,5.27,11,16,0.688,1,4,0.25,4,6,0.667,0,6,9,1,1,4,3,27,11
1,2,15.4,11,19,0.579,1,3,0.333,12,14,0.857,1,6,17,1,0,0,2,35,12
1,2,16.02,16,29,0.552,3,7,0.429,5,8,0.625,5,7,10,2,1,6,2,40,4
1,2,15.88,15,26,0.577,2,8,0.25,1,4,0.25,1,12,12,1,2,6,3,33,-4
1,2,17.08,15,25,0.6,1,4,0.25,4,9,0.444,0,14,6,2,3,6,4,35,-3
1,2,9.22,7,14,0.5,1,2,0.5,13,15,0.867,0,12,11,3,2,5,2,28,23
1,2,7.45,9,20,0.45,2,8,0.25,4,5,0.8,2,8,7,1,1,2,0,24,-13
1,2,14.88,11,20,0.55,3,7,0.429,0,2,0,0,10,6,2,3,5,2,25,-16
1,2,15.13,15,25,0.6,5,8,0.625,4,8,0.5,1,7,10,1,0,3,2,39,8
1,2,4.73,11,17,0.647,5,7,0.714,4,6,0.667,2,5,7,1,0,3,2,31,14
1,2,18.38,8,19,0.421,1,4,0.25,8,11,0.727,1,9,15,2,0,3,2,25,-6
1,2,15.02,12,24,0.5,2,6,0.333,4,6,0.667,1,8,8,1,0,3,2,30,-8
1,2,14.77,13,25,0.52,2,4,0.5,3,3,1,4,8,11,1,0,1,1,31,2
1,2,15.97,14,25,0.56,2,5,0.4,3,4,0.75,2,11,9,1,0,6,3,33,-8
1,2,12.67,7,16,0.438,0,2,0,4,4,1,0,14,11,1,0,3,0,18,18
1,2,12.6,13,18,0.722,1,4,0.25,5,9,0.556,1,8,8,2,0,4,2,32,-10
1,2,15.73,14,23,0.609,3,7,0.429,6,10,0.6,0,8,8,0,1,5,1,37,-1
1,2,3.9,9,20,0.45,2,5,0.4,4,7,0.571,0,8,10,1,1,2,1,24,23
1,2,16.72,8,20,0.4,0,3,0,6,7,0.857,2,10,19,0,0,3,2,22,12
1,2,0.32,16,22,0.727,5,7,0.714,0,2,0,1,9,15,1,1,5,3,37,-1
1,2,9.08,10,17,0.588,2,4,0.5,3,4,0.75,1,9,5,1,0,6,4,25,-14
1,2,7.37,3,10,0.3,1,2,0.5,4,4,1,1,8,9,2,1,2,0,11,-17
1,2,14.28,8,21,0.381,1,6,0.167,7,11,0.636,2,9,5,1,0,7,1,24,3
1,2,13.75,9,20,0.45,2,7,0.286,1,2,0.5,0,6,7,0,1,4,2,21,-13
1,2,13.8,8,15,0.533,1,4,0.25,8,9,0.889,1,7,14,1,0,3,0,25,18
1,2,15.92,11,17,0.647,0,2,0,4,5,0.8,0,10,11,4,1,11,0,26,12
1,2,13.95,10,23,0.435,2,6,0.333,6,10,0.6,2,7,7,0,1,5,0,28,-10
1,2,14.37,8,17,0.471,0,4,0,2,4,0.5,0,3,7,0,1,2,2,18,-33
1,2,10.78,7,16,0.438,0,4,0,2,8,0.25,1,4,6,1,0,6,1,16,-4
1,2,12.25,12,18,0.667,0,2,0,8,13,0.615,2,6,6,3,4,8,3,32,-14
1,2,16.45,11,25,0.44,2,9,0.222,3,4,0.75,2,6,11,3,1,5,2,27,-6
1,2,8.23,9,16,0.563,0,1,0,8,10,0.8,0,3,1,1,2,2,1,26,-22
1,2,2.58,4,8,0.5,1,3,0.333,1,3,0.333,1,7,5,0,2,3,2,10,-39
1,2,13.28,12,23,0.522,4,7,0.571,5,7,0.714,3,7,9,6,1,3,1,33,15
1,2,8.7,8,15,0.533,0,2,0,3,3,1,0,7,6,1,1,4,1,19,-6
1,2,9.82,10,17,0.588,0,2,0,4,4,1,1,5,8,4,1,3,2,24,0
1,2,13.45,12,22,0.545,1,7,0.143,4,5,0.8,1,7,6,2,1,6,1,29,-5
1,2,13.7,6,17,0.353,0,2,0,4,5,0.8,2,8,14,5,0,4,2,16,-11
1,2,16.05,7,18,0.389,2,7,0.286,4,7,0.571,1,5,6,0,0,7,2,20,-1
1,2,15.1,12,23,0.522,2,5,0.4,8,8,1,1,5,9,3,0,4,1,34,5
1,2,10.23,14,22,0.636,6,11,0.545,5,5,1,0,1,7,3,2,7,1,39,-7
1,2,17.35,8,23,0.348,2,7,0.286,2,3,0.667,2,9,15,0,1,6,4,20,4
1,2,12.8,9,15,0.6,1,4,0.25,10,10,1,0,11,10,1,0,5,2,29,0
1,2,14.72,8,18,0.444,1,6,0.167,8,12,0.667,1,11,12,2,2,5,0,25,14
1,2,11.02,11,13,0.846,2,3,0.667,1,2,0.5,0,7,17,2,0,2,4,25,19
1,2,14.73,9,23,0.391,2,6,0.333,10,12,0.833,3,10,13,3,0,6,1,30,-3
1,2,15.42,12,22,0.545,1,5,0.2,4,5,0.8,2,8,8,1,2,3,1,29,3
1,2,17.05,12,18,0.667,5,8,0.625,3,6,0.5,2,9,9,3,2,7,0,32,2
1,2,10.27,9,15,0.6,2,4,0.5,3,4,0.75,0,7,6,2,0,2,1,23,27
1,2,15.15,13,22,0.591,0,3,0,8,8,1,0,2,12,0,1,5,1,34,-5
1,2,13.57,8,11,0.727,3,6,0.5,5,7,0.714,1,5,12,2,2,3,3,24,10
1,2,4.43,10,16,0.625,1,3,0.333,0,1,0,2,10,6,5,1,2,1,21,26
1,2,7.05,12,23,0.522,3,7,0.429,3,4,0.75,3,11,6,0,0,3,0,30,1
1,2,15.57,10,20,0.5,3,8,0.375,4,7,0.571,1,15,13,0,3,3,2,27,-2
1,2,9.43,11,17,0.647,4,7,0.571,7,9,0.778,1,5,5,2,0,3,2,33,20
1,2,3.27,7,14,0.5,3,5,0.6,1,1,1,0,2,8,1,1,0,2,18,21
1,2,22.13,17,26,0.654,4,9,0.444,1,5,0.2,1,13,6,0,0,6,0,39,1
1,2,12.63,12,24,0.5,4,7,0.571,3,3,1,2,4,8,2,1,3,4,31,1
1,2,12.27,7,14,0.5,2,4,0.5,7,10,0.7,3,6,12,0,3,5,1,23,2
1,2,17.78,6,14,0.429,1,3,0.333,6,8,0.75,1,10,4,0,1,6,3,19,5
1,2,16.02,15,24,0.625,1,4,0.25,2,3,0.667,0,4,7,1,1,8,4,33,5
1,2,12.7,10,20,0.5,2,4,0.5,8,10,0.8,1,7,9,3,0,1,1,30,6
1,2,16.58,10,17,0.588,0,3,0,6,6,1,2,3,13,1,2,6,4,26,-4
1,2,18.68,23,34,0.676,2,4,0.5,9,9,1,5,6,7,3,2,3,2,57,6
1,2,13.47,14,22,0.636,1,5,0.2,4,5,0.8,1,5,11,2,1,8,1,33,-12
1,2,15.47,7,15,0.467,1,4,0.25,1,1,1,1,9,7,2,0,4,2,16,-17
1,2,6.77,6,11,0.545,1,3,0.333,5,6,0.833,0,3,8,0,0,4,3,18,-10
1,3,17.37,12,20,0.6,1,2,0.5,4,8,0.5,1,9,13,0,4,8,1,29,-2
1,3,13.25,13,20,0.65,4,6,0.667,4,5,0.8,0,2,13,3,0,2,1,34,7
1,2,7.2,8,15,0.533,1,3,0.333,5,6,0.833,0,4,2,1,1,1,0,22,-31
1,2,13.42,10,16,0.625,2,4,0.5,2,2,1,1,4,8,1,1,5,2,24,13
1,2,17.2,12,19,0.632,1,5,0.2,4,4,1,1,15,9,0,2,4,3,29,3
1,2,5.68,8,13,0.615,1,3,0.333,0,1,0,0,5,3,1,1,8,4,17,-18
1,2,22.22,19,30,0.633,2,5,0.4,1,4,0.25,2,11,8,2,1,2,3,41,-13
1,2,16.77,11,22,0.5,3,8,0.375,6,10,0.6,1,9,11,1,0,2,2,31,32
1,2,21.62,15,27,0.556,4,9,0.444,5,6,0.833,3,8,9,1,1,5,2,39,7
1,2,15.37,12,18,0.667,1,3,0.333,4,5,0.8,0,11,14,3,1,4,2,29,-11
1,2,16.03,9,20,0.45,2,6,0.333,8,12,0.667,3,12,8,0,2,8,4,28,-22
1,2,10.73,13,18,0.722,4,7,0.571,5,8,0.625,1,7,8,3,1,2,4,35,36
1,2,14.27,15,27,0.556,1,6,0.167,3,4,0.75,0,5,6,1,1,5,4,34,7
1,2,21.05,4,13,0.308,0,4,0,3,6,0.5,1,5,6,1,1,6,2,11,1
1,2,8.8,12,18,0.667,4,6,0.667,2,4,0.5,0,4,7,4,3,1,1,30,46
1,2,17.97,14,24,0.583,1,6,0.167,9,11,0.818,2,7,7,2,0,2,2,38,17
1,2,22.18,11,22,0.5,5,12,0.417,8,9,0.889,1,8,6,0,1,6,1,35,7
1,2,16.63,9,16,0.563,2,4,0.5,15,16,0.938,0,8,7,1,0,5,1,35,20
1,2,12.6,10,14,0.714,4,6,0.667,15,21,0.714,1,5,4,3,2,3,3,39,24
1,2,17.03,13,23,0.565,2,5,0.4,7,8,0.875,2,8,4,1,1,3,2,35,16
1,2,20.73,13,25,0.52,1,3,0.333,6,9,0.667,0,10,4,4,2,4,1,33,4
1,2,21.22,14,27,0.519,6,12,0.5,7,14,0.5,1,12,12,1,2,3,4,41,13
1,2,18.27,11,20,0.55,0,2,0,3,6,0.5,0,10,7,4,4,8,2,25,6
1,2,18.73,12,20,0.6,2,3,0.667,6,9,0.667,1,5,13,3,0,3,3,32,5
1,2,22.95,11,21,0.524,1,3,0.333,9,10,0.9,3,13,10,1,0,3,6,32,2
1,2,17.42,12,15,0.8,1,2,0.5,2,6,0.333,1,7,7,2,0,5,0,27,-15
1,2,14.55,14,22,0.636,1,4,0.25,7,7,1,2,8,6,1,2,3,3,36,32
1,2,13.1,7,14,0.5,0,3,0,4,6,0.667,1,10,11,2,1,6,2,18,17
1,2,3.65,16,29,0.552,3,10,0.3,6,12,0.5,4,10,11,2,1,1,4,41,-1
1,2,5.93,14,22,0.636,3,7,0.429,3,6,0.5,2,7,6,0,0,2,2,34,31
1,2,15.12,11,20,0.55,1,7,0.143,3,7,0.429,1,9,8,1,1,4,0,26,-3
1,2,5.53,7,17,0.412,0,3,0,3,6,0.5,3,5,8,0,0,2,3,17,-13
1,2,16.58,10,21,0.476,0,4,0,4,6,0.667,3,8,8,0,1,3,2,24,-11
1,2,15.9,9,14,0.643,0,1,0,14,16,0.875,0,9,11,1,2,4,2,32,1
1,2,10.17,8,12,0.667,0,2,0,2,4,0.5,2,4,5,0,0,4,1,18,-30
1,2,13.85,13,22,0.591,3,8,0.375,5,8,0.625,0,6,7,1,0,3,2,34,12
1,2,14.25,13,20,0.65,2,5,0.4,5,10,0.5,0,10,6,2,1,6,0,33,14
1,2,4.4,6,12,0.5,0,2,0,4,5,0.8,0,11,12,0,0,2,0,16,22
1,2,16.17,12,20,0.6,4,11,0.364,2,3,0.667,0,7,5,2,0,8,2,30,-9
1,2,13.57,8,14,0.571,2,5,0.4,6,10,0.6,0,12,12,0,1,4,3,24,12
1,2,15.08,12,22,0.545,0,6,0,5,8,0.625,4,10,10,1,0,3,1,29,18
1,2,14.68,11,22,0.5,2,5,0.4,6,10,0.6,3,14,6,1,1,3,2,30,14
1,2,15.17,14,27,0.519,6,10,0.6,4,8,0.5,1,12,8,0,0,2,4,38,5
1,2,16.03,10,21,0.476,3,6,0.5,5,8,0.625,5,8,10,1,1,4,3,28,-3
1,2,13.18,8,12,0.667,1,2,0.5,7,9,0.778,0,10,6,0,0,3,1,24,8
1,2,13.1,7,11,0.636,0,2,0,4,6,0.667,0,13,15,0,3,6,1,18,10
1,2,8.58,12,17,0.706,4,5,0.8,3,4,0.75,0,5,4,1,0,4,2,31,9
1,2,15.5,10,14,0.714,2,3,0.667,3,6,0.5,1,7,14,0,0,6,3,25,11
1,2,9.15,11,16,0.688,1,1,1,4,4,1,0,5,12,2,0,6,1,27,26
1,2,16.88,8,19,0.421,1,4,0.25,1,3,0.333,1,4,7,2,2,3,1,18,-4
1,2,14.27,9,16,0.563,1,2,0.5,6,8,0.75,1,5,9,1,1,4,2,25,8
1,2,18.07,12,18,0.667,6,8,0.75,2,5,0.4,0,7,17,2,2,6,6,32,0
1,2,15.58,12,20,0.6,4,8,0.5,4,5,0.8,0,5,10,0,0,5,1,32,11
1,2,10.47,11,14,0.786,1,2,0.5,4,7,0.571,0,8,12,2,1,2,1,27,16
1,2,13.28,9,19,0.474,1,6,0.167,4,8,0.5,0,9,9,2,0,5,0,23,-8
1,2,12.83,9,18,0.5,0,2,0,7,10,0.7,1,13,8,1,0,2,1,25,10
1,2,10.23,13,18,0.722,1,3,0.333,4,7,0.571,0,5,11,0,0,5,1,31,22
1,2,20.82,8,15,0.533,0,3,0,8,11,0.727,4,9,11,2,1,5,3,24,-1
1,2,19.72,11,21,0.524,1,4,0.25,3,4,0.75,2,8,12,2,0,6,2,26,-10
1,2,21.33,11,16,0.688,2,5,0.4,5,7,0.714,0,6,7,2,0,7,5,29,-16
1,2,15.13,8,12,0.667,0,2,0,5,8,0.625,0,9,15,1,2,4,2,21,14
1,2,11,6,18,0.333,1,4,0.25,7,10,0.7,2,6,2,1,0,6,1,20,-32
1,2,17.68,6,12,0.5,1,4,0.25,3,3,1,0,2,15,1,1,5,2,16,16
1,2,6.52,5,12,0.417,2,5,0.4,8,9,0.889,1,10,4,1,1,5,1,20,-7
1,2,12.92,10,20,0.5,3,6,0.5,6,7,0.857,1,5,5,4,0,4,0,29,-8
1,2,15.52,11,17,0.647,2,4,0.5,4,6,0.667,3,5,4,1,0,7,3,28,-2
1,2,11.28,14,20,0.7,0,1,0,8,10,0.8,0,9,6,3,0,5,2,36,20
1,2,12.88,12,21,0.571,1,2,0.5,6,9,0.667,2,6,7,1,0,5,2,31,-13
1,2,14.92,9,21,0.429,0,4,0,8,10,0.8,2,5,6,2,1,4,1,26,-4
1,2,11.78,12,25,0.48,4,8,0.5,4,6,0.667,2,4,9,1,0,1,1,32,17
1,2,19.73,9,18,0.5,2,6,0.333,3,7,0.429,2,6,11,1,3,8,2,23,1
1,2,16.18,12,22,0.545,4,8,0.5,3,7,0.429,5,8,4,2,1,5,2,31,4
1,2,3.27,7,16,0.438,0,3,0,5,6,0.833,1,3,6,3,0,1,0,19,32
1,2,10.42,12,24,0.5,4,7,0.571,1,1,1,1,8,6,0,0,2,0,29,26
1,2,23.48,12,25,0.48,5,9,0.556,5,6,0.833,3,9,7,1,1,2,2,34,8
1,2,14.92,9,18,0.5,2,5,0.4,6,11,0.545,1,6,9,2,2,2,1,26,17
1,2,12.48,9,17,0.529,0,4,0,5,8,0.625,1,5,8,3,0,6,1,23,8
1,2,18.45,17,24,0.708,5,10,0.5,5,9,0.556,1,8,10,3,1,5,3,44,-1
1,2,13.32,12,22,0.545,1,3,0.333,2,4,0.5,2,6,8,3,0,3,2,27,22
1,2,8.45,7,10,0.7,1,2,0.5,10,14,0.714,2,4,7,1,2,4,2,25,32
1,2,18.02,12,26,0.462,2,7,0.286,8,9,0.889,3,5,7,2,0,1,2,34,9
1,2,20.67,13,22,0.591,1,3,0.333,0,0,0,0,5,13,0,0,8,2,27,-2
1,2,9.62,5,14,0.357,0,2,0,6,11,0.545,1,4,5,2,0,5,2,16,-20
1,2,8.88,8,16,0.5,3,8,0.375,3,7,0.429,0,4,4,0,0,7,3,22,-12
1,2,17.5,9,19,0.474,1,4,0.25,7,9,0.778,2,8,13,1,0,5,0,26,2
1,2,5.05,6,13,0.462,2,5,0.4,5,5,1,0,5,11,1,0,4,1,19,33
1,2,13.5,11,21,0.524,2,3,0.667,7,8,0.875,1,9,13,3,0,3,0,31,17
1,2,4.05,9,14,0.643,1,3,0.333,2,3,0.667,0,3,3,0,1,2,1,21,21
1,2,14.07,10,15,0.667,2,5,0.4,6,10,0.6,0,9,15,1,0,5,2,28,1
1,2,14.7,8,21,0.381,2,5,0.4,1,2,0.5,0,8,8,1,1,3,0,19,12
1,2,14.1,9,18,0.5,3,4,0.75,6,9,0.667,0,10,5,2,2,6,1,27,7
1,2,12.87,8,17,0.471,2,5,0.4,5,5,1,2,7,5,3,0,1,3,23,7
1,2,11.87,9,23,0.391,1,5,0.2,6,7,0.857,1,7,14,2,1,5,1,25,11
1,2,12.37,12,22,0.545,1,4,0.25,5,5,1,1,6,12,1,0,2,2,30,18
1,2,11.85,6,12,0.5,1,3,0.333,6,10,0.6,3,10,8,0,0,4,4,19,15
1,2,15,7,16,0.438,2,6,0.333,7,11,0.636,1,5,9,1,1,2,2,23,1
1,2,14.67,7,16,0.438,2,6,0.333,5,7,0.714,2,6,7,0,0,5,2,21,0
1,2,8.38,9,14,0.643,0,3,0,1,2,0.5,3,8,14,0,1,4,3,19,26
1,2,1.87,8,13,0.615,0,1,0,2,4,0.5,0,4,2,4,1,1,1,18,-7
1,2,17.12,6,8,0.75,0,0,0,3,4,0.75,0,4,2,2,0,3,1,15,11
1,2,13.2,3,4,0.75,1,1,1,0,1,0,0,2,6,0,0,0,0,7,15
1,2,22.82,9,24,0.375,1,5,0.2,8,10,0.8,1,10,11,2,3,5,1,27,4
1,2,18.58,16,27,0.593,3,6,0.5,6,8,0.75,2,6,11,4,3,1,3,41,26
1,2,18.63,16,30,0.533,4,8,0.5,5,8,0.625,4,12,7,3,3,2,1,41,13
1,2,21.57,11,21,0.524,1,5,0.2,2,4,0.5,4,9,9,2,3,7,4,25,-12
1,2,16.07,14,26,0.538,1,2,0.5,3,5,0.6,2,9,6,1,2,5,2,32,24
1,2,9.63,7,17,0.412,1,5,0.2,4,4,1,0,8,9,4,1,7,3,19,-20
1,2,16.88,9,21,0.429,2,4,0.5,3,4,0.75,4,8,9,2,1,4,2,23,-9
1,2,17.25,13,22,0.591,3,6,0.5,4,7,0.571,2,9,6,1,3,3,2,33,22
1,2,7.5,10,17,0.588,2,4,0.5,1,3,0.333,0,6,8,2,1,2,2,23,31
1,2,21.8,11,16,0.688,1,3,0.333,6,6,1,4,5,6,2,1,1,3,29,-3
1,2,14.83,9,17,0.529,1,5,0.2,5,7,0.714,4,4,5,2,0,2,3,24,-12
1,2,9.75,7,13,0.538,0,2,0,9,17,0.529,1,10,11,3,0,2,2,23,16
1,2,4.3,11,13,0.846,0,1,0,2,4,0.5,2,4,4,2,1,4,3,24,20
1,2,13.87,10,23,0.435,1,5,0.2,0,3,0,5,5,9,2,1,6,2,21,2
1,2,14.97,8,16,0.5,1,4,0.25,7,9,0.778,2,11,8,2,0,5,2,24,17
1,2,4.13,9,15,0.6,4,6,0.667,5,9,0.556,0,4,5,3,0,2,4,27,24
1,2,16.57,11,21,0.524,2,4,0.5,1,1,1,0,7,9,5,1,4,3,25,16
1,2,17.45,9,19,0.474,1,6,0.167,3,3,1,2,9,6,2,0,2,4,22,5
1,2,18.92,8,24,0.333,1,6,0.167,3,5,0.6,1,12,7,0,1,5,2,20,17
1,2,15.73,12,18,0.667,2,4,0.5,1,3,0.333,1,5,3,3,0,5,3,27,10
1,2,16.85,9,17,0.529,0,3,0,4,4,1,1,5,11,2,2,1,3,22,18
1,2,8.42,13,16,0.813,3,4,0.75,5,5,1,1,5,6,2,1,4,2,34,13
1,2,14.55,13,17,0.765,4,5,0.8,3,4,0.75,3,4,3,0,1,4,1,33,7
1,2,4.07,7,9,0.778,1,2,0.5,2,2,1,0,5,9,0,1,4,0,17,22
1,2,16.83,14,22,0.636,0,0,0,3,3,1,3,5,12,2,0,5,4,31,10
1,2,20.42,12,26,0.462,1,5,0.2,4,5,0.8,3,13,9,3,1,3,4,29,6
1,2,6.67,8,11,0.727,0,0,0,8,10,0.8,0,4,11,2,1,6,0,24,28
1,2,11.77,10,21,0.476,2,3,0.667,5,6,0.833,3,8,11,1,2,2,4,27,20
1,2,11.07,13,16,0.813,1,2,0.5,3,4,0.75,1,5,5,1,0,4,2,30,-8
1,2,12.92,9,22,0.409,1,4,0.25,7,10,0.7,5,1,8,2,1,2,0,26,12
1,2,9.43,12,19,0.632,1,2,0.5,8,11,0.727,3,8,11,0,0,3,2,33,38
1,2,2.63,13,20,0.65,0,3,0,0,0,0,0,3,3,1,0,3,1,26,-23
1,2,11.73,6,15,0.4,0,3,0,6,6,1,1,6,8,1,1,4,3,18,-5
1,2,12.88,10,20,0.5,2,6,0.333,1,2,0.5,6,6,3,1,0,3,0,23,6
1,2,6.72,9,15,0.6,3,4,0.75,6,7,0.857,1,5,5,1,0,2,2,27,16
1,2,10.83,9,18,0.5,1,4,0.25,5,8,0.625,2,3,7,0,2,3,2,24,6
1,2,12.55,8,19,0.421,1,5,0.2,8,9,0.889,4,7,6,0,0,5,1,25,16
1,2,13.63,11,19,0.579,2,4,0.5,4,5,0.8,2,7,5,1,0,4,2,28,-9
1,2,12,11,20,0.55,1,4,0.25,5,9,0.556,4,7,8,2,1,4,2,28,4
1,2,6.38,7,18,0.389,1,4,0.25,4,4,1,1,12,8,3,0,1,1,19,15
1,2,12.82,14,22,0.636,2,4,0.5,3,5,0.6,0,5,4,2,0,5,2,33,12
1,2,16.48,9,18,0.5,2,4,0.5,5,9,0.556,1,7,7,1,0,6,2,25,10
1,2,6.32,8,13,0.615,2,4,0.5,5,8,0.625,1,6,7,2,0,2,1,23,4
1,2,13.5,5,18,0.278,0,4,0,2,2,1,1,7,5,3,0,6,2,12,-4
1,2,13.5,11,22,0.5,2,5,0.4,1,1,1,3,4,11,3,0,5,3,25,22
1,2,10.62,11,19,0.579,0,2,0,3,3,1,2,7,9,0,1,2,3,25,13
1,2,12.67,12,22,0.545,3,6,0.5,2,5,0.4,1,6,11,1,0,1,1,29,16
1,2,6.9,8,16,0.5,1,2,0.5,4,5,0.8,1,9,10,2,1,4,1,21,16
1,2,12.7,11,20,0.55,2,5,0.4,3,3,1,0,3,8,1,0,2,2,27,8
1,2,14.08,9,23,0.391,0,5,0,12,17,0.706,3,4,4,2,1,6,2,30,-7
1,2,15.13,10,21,0.476,0,3,0,3,5,0.6,0,6,6,1,2,1,1,23,-9
1,2,19.58,9,22,0.409,0,5,0,6,10,0.6,2,10,6,2,1,1,2,24,-1
1,2,10.15,10,17,0.588,0,2,0,9,11,0.818,1,4,7,2,2,2,2,29,14
1,2,11.8,7,16,0.438,0,2,0,6,7,0.857,1,8,8,1,0,1,3,20,19
1,2,7.02,7,8,0.875,0,1,0,7,7,1,0,3,9,0,0,2,2,21,16
1,2,14.02,11,15,0.733,1,1,1,2,3,0.667,0,4,9,1,1,5,2,25,1
1,2,15.73,11,27,0.407,0,5,0,4,7,0.571,3,10,9,2,1,1,3,26,-2
1,2,11.18,9,17,0.529,1,4,0.25,3,5,0.6,1,4,12,0,0,0,4,22,21
1,2,5.05,7,12,0.583,1,1,1,2,4,0.5,0,1,5,1,1,4,1,17,15
1,2,8.88,7,16,0.438,0,3,0,2,2,1,1,4,5,1,1,3,1,16,-34
1,2,12.38,7,14,0.5,1,2,0.5,4,6,0.667,2,5,7,0,2,4,1,19,10
1,2,13.33,9,17,0.529,1,3,0.333,3,4,0.75,2,5,5,0,0,4,4,22,9
1,2,17.72,9,17,0.529,3,6,0.5,6,8,0.75,3,7,7,2,0,4,2,27,2
1,2,13,15,22,0.682,3,5,0.6,4,6,0.667,0,7,9,2,0,2,1,37,11
1,2,8.23,5,12,0.417,0,4,0,3,4,0.75,0,12,8,1,2,3,1,13,21
1,2,15.7,12,22,0.545,4,9,0.444,6,8,0.75,0,10,4,1,1,2,3,34,2
1,2,6.68,7,11,0.636,1,2,0.5,5,8,0.625,0,2,7,3,0,2,1,20,11
1,2,5.22,11,18,0.611,4,7,0.571,3,4,0.75,0,5,3,2,0,0,2,29,28
1,2,10.38,13,24,0.542,1,3,0.333,7,8,0.875,3,3,2,2,1,5,2,34,3
1,2,11.38,4,10,0.4,1,5,0.2,5,9,0.556,0,4,7,2,1,2,3,14,3
1,2,2.45,4,13,0.308,0,3,0,4,5,0.8,0,4,5,0,0,3,2,12,-29
1,2,14.55,10,26,0.385,1,5,0.2,4,9,0.444,2,7,2,1,2,4,0,25,-9
1,2,13.72,9,22,0.409,0,3,0,6,7,0.857,1,8,5,0,0,1,2,24,7
1,2,1.32,10,17,0.588,0,3,0,3,4,0.75,0,5,4,3,1,2,0,23,33
1,2,15.62,12,27,0.444,2,5,0.4,7,8,0.875,2,7,11,2,0,7,2,33,5
1,2,11.7,10,20,0.5,0,3,0,4,4,1,1,6,3,2,1,6,3,24,17
1,2,5.42,10,15,0.667,0,1,0,5,8,0.625,0,3,8,4,0,4,0,25,36
1,2,16.33,14,24,0.583,1,3,0.333,4,4,1,1,9,3,2,3,2,3,33,7
1,2,20.78,13,29,0.448,1,5,0.2,10,11,0.909,2,5,8,1,1,5,4,37,-4
1,2,13.38,8,20,0.4,0,3,0,8,8,1,4,9,4,1,1,9,3,24,-12
1,2,11.72,10,22,0.455,1,6,0.167,5,6,0.833,2,7,5,1,0,2,0,26,-1
1,2,14.22,8,20,0.4,2,5,0.4,7,9,0.778,2,11,5,0,0,3,2,25,1
1,2,15.77,6,16,0.375,1,5,0.2,11,12,0.917,2,4,8,0,0,2,1,24,13
1,2,10.97,7,14,0.5,0,2,0,1,5,0.2,0,6,13,1,0,2,0,15,29
1,2,9.33,8,15,0.533,1,2,0.5,2,2,1,2,9,8,0,2,3,1,19,17
1,2,10.98,9,13,0.692,1,1,1,8,9,0.889,3,6,6,0,0,4,3,27,13
1,2,15.8,11,21,0.524,4,7,0.571,4,5,0.8,0,6,3,0,0,4,3,30,-6
1,2,21.05,13,27,0.481,5,11,0.455,6,12,0.5,4,8,5,1,3,7,3,37,-2
1,2,15.38,12,21,0.571,0,2,0,7,10,0.7,0,3,6,2,1,3,4,31,17
1,2,13.85,11,19,0.579,1,3,0.333,8,12,0.667,3,4,8,2,0,5,2,31,4
1,2,11.02,10,23,0.435,0,3,0,9,14,0.643,0,6,4,0,0,2,0,29,1
1,2,12.33,12,22,0.545,3,5,0.6,4,6,0.667,0,4,13,2,0,2,1,31,24
1,2,11.07,9,23,0.391,1,5,0.2,4,7,0.571,2,3,3,4,1,3,1,23,14
1,2,9.33,9,19,0.474,0,3,0,4,4,1,0,9,11,4,2,3,3,22,21
1,2,9.93,13,19,0.684,0,2,0,3,5,0.6,2,3,4,1,0,4,3,29,7
1,2,6.8,4,13,0.308,0,3,0,4,8,0.5,1,6,5,3,0,3,1,12,10
1,2,12.07,12,22,0.545,1,5,0.2,0,3,0,0,10,5,1,0,1,3,25,1
1,2,1.72,6,15,0.4,2,5,0.4,0,0,0,0,0,3,3,0,4,1,14,-9
1,2,22.3,3,13,0.231,1,3,0.333,1,2,0.5,0,7,5,3,0,2,4,8,9
1,2,22.7,13,33,0.394,2,10,0.2,4,8,0.5,3,15,9,2,0,6,3,32,-3
1,2,20.77,15,34,0.441,3,8,0.375,7,9,0.778,1,13,11,1,0,2,5,40,-11
1,2,16.92,7,22,0.318,1,4,0.25,5,10,0.5,2,10,8,0,0,2,5,20,-15
1,2,2.33,11,35,0.314,3,6,0.5,14,18,0.778,4,12,11,1,1,3,3,39,0
1,2,21.77,18,38,0.474,2,8,0.25,6,10,0.6,0,8,6,0,0,4,2,44,-3
1,2,5.17,10,20,0.5,2,6,0.333,1,4,0.25,0,9,7,2,1,1,2,23,20
1,2,22.78,14,37,0.378,1,6,0.167,8,10,0.8,8,10,13,3,0,6,4,37,-3
1,2,14.97,10,22,0.455,2,7,0.286,8,11,0.727,1,8,11,0,1,4,1,30,20
1,2,14.05,12,26,0.462,0,1,0,7,8,0.875,1,7,6,1,0,4,3,31,3
1,2,17.05,7,23,0.304,0,4,0,1,2,0.5,1,8,11,0,2,4,4,15,20
1,2,16.93,14,24,0.583,1,5,0.2,9,12,0.75,2,10,6,3,3,0,3,38,-4
1,2,19.15,10,30,0.333,1,7,0.143,4,4,1,2,12,8,1,2,8,4,25,5
1,2,19.65,8,25,0.32,1,7,0.143,10,11,0.909,2,6,14,1,1,7,4,27,1
1,2,10.22,13,29,0.448,0,2,0,7,9,0.778,3,5,5,2,1,2,2,33,31
1,2,17.93,9,22,0.409,0,3,0,1,2,0.5,4,11,9,3,1,6,4,19,-11
1,2,22.37,10,24,0.417,1,7,0.143,6,10,0.6,0,10,8,3,1,6,2,27,7
1,2,17.97,13,26,0.5,1,5,0.2,4,5,0.8,1,10,4,4,2,2,1,31,2
1,2,17.8,11,22,0.5,1,5,0.2,7,8,0.875,1,8,7,0,2,6,3,30,11
1,2,17.92,8,18,0.444,1,3,0.333,3,4,0.75,0,6,7,2,1,5,2,20,3
1,2,8.23,7,17,0.412,3,4,0.75,4,6,0.667,3,7,11,2,1,1,0,21,19
1,2,2.08,5,14,0.357,0,5,0,4,9,0.444,0,3,7,1,0,3,1,14,1
1,2,15.85,8,15,0.533,2,5,0.4,3,4,0.75,2,7,8,1,1,2,2,21,0
1,2,12.52,8,17,0.471,1,3,0.333,3,6,0.5,2,8,12,3,1,3,4,20,10
1,2,11.45,9,16,0.563,1,2,0.5,4,5,0.8,1,7,7,1,3,3,3,23,14
1,2,13.88,8,24,0.333,1,4,0.25,3,6,0.5,2,9,6,0,1,5,0,20,-4
1,2,14.47,8,15,0.533,2,5,0.4,6,8,0.75,0,5,9,5,1,3,4,24,-1
1,2,7.45,7,15,0.467,3,5,0.6,3,4,0.75,0,8,5,0,0,1,2,20,31
1,2,15.47,10,17,0.588,1,4,0.25,7,7,1,2,8,6,5,1,5,1,28,4
1,2,15.3,13,26,0.5,2,6,0.333,1,2,0.5,0,7,5,0,0,3,0,29,-7
1,2,10.58,5,13,0.385,2,4,0.5,4,6,0.667,1,2,7,1,0,2,1,16,13
1,2,11.28,8,19,0.421,4,8,0.5,6,8,0.75,1,1,4,0,0,4,2,26,-17
1,2,10.73,9,14,0.643,0,3,0,3,4,0.75,1,7,13,3,1,1,3,21,25
1,2,19.72,10,20,0.5,3,6,0.5,8,10,0.8,0,5,7,2,1,3,2,31,4
1,2,4.97,10,14,0.714,4,6,0.667,3,5,0.6,0,7,8,1,1,2,3,27,27
1,2,12.43,6,16,0.375,2,5,0.4,3,6,0.5,0,6,8,1,0,4,3,17,19
1,2,16.15,5,13,0.385,1,4,0.25,7,8,0.875,1,5,8,2,1,9,3,18,-4
1,2,13.45,9,16,0.563,3,6,0.5,8,13,0.615,1,5,14,0,0,3,2,29,6
1,2,1.58,12,23,0.522,0,1,0,3,3,1,1,2,5,3,1,1,0,27,35
1,2,18.1,15,35,0.429,4,12,0.333,3,11,0.273,2,6,4,3,3,4,4,37,-8
1,2,12.2,15,25,0.6,4,9,0.444,8,11,0.727,1,10,5,3,1,6,5,42,9
1,2,15.05,6,14,0.429,1,5,0.2,6,10,0.6,0,7,11,3,1,9,3,19,27
1,2,3.92,7,17,0.412,1,6,0.167,3,5,0.6,0,7,7,2,0,4,2,18,14
1,2,1.12,12,21,0.571,3,5,0.6,1,3,0.333,0,5,6,1,0,2,3,28,30
1,2,10.23,12,26,0.462,2,9,0.222,5,6,0.833,0,5,4,0,0,8,3,31,-27
1,2,7.45,6,16,0.375,0,4,0,6,7,0.857,0,9,7,1,0,5,2,18,19
1,2,6.18,8,16,0.5,2,7,0.286,4,5,0.8,2,8,8,1,0,6,2,22,15
1,2,14.57,10,21,0.476,0,4,0,5,8,0.625,0,6,5,2,1,7,3,25,-3
1,2,3.78,8,14,0.571,1,2,0.5,6,7,0.857,0,3,9,1,0,2,0,23,27
1,2,11.85,6,17,0.353,1,4,0.25,5,6,0.833,0,3,11,2,0,6,2,18,19
1,2,15.75,14,25,0.56,3,8,0.375,5,8,0.625,3,3,5,0,1,2,1,36,25
1,2,9.07,7,16,0.438,1,4,0.25,4,6,0.667,0,3,7,4,2,6,1,19,13
1,2,11.95,11,24,0.458,0,4,0,10,11,0.909,0,6,7,1,0,4,3,32,0
1,2,14.58,11,25,0.44,2,6,0.333,10,13,0.769,0,7,5,1,2,2,1,34,5
1,2,2.62,9,15,0.6,2,4,0.5,5,6,0.833,1,5,9,4,1,2,1,25,32
1,2,11.75,8,16,0.5,0,2,0,10,14,0.714,2,5,9,4,0,7,0,26,14
1,2,12.27,12,23,0.522,0,3,0,2,3,0.667,1,4,4,0,0,6,4,26,16
1,2,18.48,11,23,0.478,3,8,0.375,7,12,0.583,0,11,7,3,0,9,4,32,8
1,2,14.03,12,23,0.522,4,9,0.444,8,13,0.615,1,3,5,2,0,1,2,36,15
1,2,12.68,11,18,0.611,3,8,0.375,8,13,0.615,1,6,5,1,0,5,3,33,4
1,2,7.85,5,19,0.263,2,6,0.333,5,5,1,1,9,7,1,0,7,3,17,-17
1,2,12.93,10,20,0.5,0,5,0,9,11,0.818,0,5,8,2,2,4,1,29,7
1,2,16.03,9,16,0.563,2,8,0.25,10,18,0.556,0,4,8,0,0,4,1,30,-9
1,2,10.63,8,16,0.5,4,7,0.571,4,5,0.8,0,4,3,1,3,2,3,24,22
1,2,13.55,9,15,0.6,3,5,0.6,4,6,0.667,0,1,11,0,1,5,1,25,8
1,2,15.93,7,18,0.389,2,4,0.5,6,8,0.75,1,3,9,2,0,4,4,22,-5
1,2,5.03,8,16,0.5,0,2,0,5,7,0.714,0,3,2,2,0,2,0,21,-18
1,2,16.3,11,19,0.579,2,3,0.667,3,4,0.75,0,7,14,1,3,5,2,27,16
1,2,13.62,17,24,0.708,2,2,1,5,8,0.625,0,5,5,0,1,2,1,41,-3
1,2,17.88,12,21,0.571,2,5,0.4,9,9,1,1,1,4,2,2,2,1,35,7
1,2,9.9,8,17,0.471,1,3,0.333,1,2,0.5,0,4,7,3,0,3,2,18,20
1,2,18.45,9,18,0.5,2,4,0.5,4,6,0.667,0,7,13,3,1,4,2,24,11
1,2,15.52,7,17,0.412,1,6,0.167,4,7,0.571,1,4,12,2,0,4,2,19,12
1,2,17.08,6,15,0.4,0,4,0,14,21,0.667,1,4,10,0,0,7,1,26,16
1,2,7.73,9,18,0.5,0,1,0,1,2,0.5,0,2,7,1,0,3,1,19,14
1,2,12.08,7,14,0.5,1,5,0.2,14,17,0.824,1,9,8,3,0,4,3,29,24
1,2,7,9,17,0.529,2,4,0.5,9,11,0.818,1,3,11,3,0,1,0,29,19
1,2,13.28,6,12,0.5,1,4,0.25,2,3,0.667,0,1,10,1,1,5,2,15,-8
1,2,15.03,8,21,0.381,2,7,0.286,4,7,0.571,3,1,4,1,1,3,0,22,-13
1,2,10.1,6,17,0.353,2,3,0.667,1,1,1,3,3,9,1,1,5,3,15,-3
1,2,16.57,8,18,0.444,1,4,0.25,5,7,0.714,0,9,5,0,2,4,2,22,-13
1,2,4.9,13,20,0.65,4,5,0.8,2,4,0.5,2,4,7,0,1,3,1,32,14
1,2,16.85,16,27,0.593,3,8,0.375,6,9,0.667,0,4,7,0,1,3,4,41,10
1,2,16.43,9,17,0.529,1,3,0.333,13,17,0.765,2,9,9,1,1,4,1,32,15
1,2,15.63,8,18,0.444,1,5,0.2,5,6,0.833,0,7,11,1,1,3,1,22,14
1,2,18.03,8,18,0.444,3,5,0.6,12,12,1,0,3,4,3,0,4,2,31,3
1,2,10.93,4,12,0.333,2,4,0.5,1,1,1,1,6,7,1,0,3,2,11,-15
1,2,17.67,14,30,0.467,1,3,0.333,7,9,0.778,1,7,5,4,1,3,1,36,-3
1,2,19.23,5,15,0.333,1,5,0.2,6,7,0.857,0,5,4,0,0,8,3,17,-13
1,2,7.8,6,11,0.545,2,3,0.667,4,6,0.667,1,6,6,1,1,1,1,18,14
1,2,2.43,3,6,0.5,2,3,0.667,4,4,1,1,1,4,0,1,4,0,12,-9
1,2,23.67,9,12,0.75,2,3,0.667,6,7,0.857,0,4,3,1,0,4,1,26,18
1,2,20.58,2,8,0.25,0,2,0,3,7,0.429,1,2,8,1,0,3,1,7,12
2,2,17.27,10,21,0.476,3,9,0.333,8,9,0.889,1,9,5,0,2,1,1,31,-16
2,2,13.65,10,17,0.588,4,8,0.5,4,6,0.667,0,8,2,0,0,3,0,28,-21
2,2,15.82,9,14,0.643,2,4,0.5,2,3,0.667,1,4,7,5,0,7,5,22,-21
2,2,13.6,14,22,0.636,3,3,1,4,5,0.8,2,8,3,2,0,4,3,35,11
2,2,8.88,9,17,0.529,2,3,0.667,5,6,0.833,3,3,3,3,0,4,1,25,0
2,2,7.65,8,12,0.667,0,0,0,9,9,1,1,3,6,1,1,2,1,25,27
2,2,0.35,2,10,0.2,1,3,0.333,2,3,0.667,1,1,4,0,1,3,5,7,1
2,2,11.8,13,21,0.619,2,3,0.667,4,4,1,0,10,5,2,0,2,3,32,10
2,2,15.77,9,14,0.643,1,2,0.5,7,9,0.778,1,4,7,3,0,6,2,26,24
2,2,18.35,9,18,0.5,1,5,0.2,3,6,0.5,0,7,6,2,3,3,3,22,4
2,2,16.83,11,18,0.611,1,5,0.2,2,2,1,1,9,5,3,0,4,3,25,-13
2,2,19.6,6,14,0.429,2,5,0.4,15,17,0.882,2,7,5,0,1,5,1,29,4
2,2,19.47,16,24,0.667,3,6,0.5,14,19,0.737,0,6,2,3,0,1,5,49,13
2,2,15.65,8,15,0.533,3,7,0.429,9,10,0.9,0,8,5,1,1,2,2,28,-14
2,2,15.12,9,18,0.5,0,3,0,4,6,0.667,0,4,3,2,1,2,2,22,6
2,2,12.35,10,15,0.667,0,0,0,2,2,1,1,4,3,0,0,1,2,22,10
2,2,18.9,10,19,0.526,1,5,0.2,10,12,0.833,0,7,9,3,1,2,3,31,12
2,2,11.98,10,18,0.556,1,2,0.5,9,10,0.9,0,10,6,2,0,2,1,30,20
2,2,15.83,11,17,0.647,1,5,0.2,9,12,0.75,0,6,8,4,0,4,2,32,6
2,2,14.53,8,16,0.5,4,8,0.5,7,10,0.7,0,9,1,0,0,3,1,27,0
2,2,13.35,10,22,0.455,3,7,0.429,4,8,0.5,3,5,5,0,1,3,2,27,-13
2,2,10.87,11,20,0.55,2,4,0.5,12,13,0.923,1,5,1,1,1,2,1,36,13
2,2,17.37,14,23,0.609,3,5,0.6,6,7,0.857,1,5,5,2,0,5,1,37,-8
2,2,13.13,9,16,0.563,0,3,0,11,14,0.786,1,9,6,2,0,3,0,29,-2
2,2,18.78,13,22,0.591,3,7,0.429,9,12,0.75,0,5,6,1,0,5,0,38,2
2,2,23.95,12,24,0.5,2,4,0.5,8,10,0.8,2,6,5,4,1,4,5,34,7
2,2,5.35,7,12,0.583,1,3,0.333,2,5,0.4,0,4,8,1,1,2,0,17,18
2,2,14.88,11,20,0.55,1,6,0.167,9,11,0.818,0,7,8,1,0,6,2,32,22
2,2,6.05,5,10,0.5,1,3,0.333,2,4,0.5,2,5,2,0,0,4,1,13,19
2,2,5.77,7,13,0.538,1,3,0.333,2,2,1,2,8,12,1,0,1,0,17,32
2,2,19.4,11,19,0.579,2,6,0.333,14,15,0.933,0,8,5,0,0,6,3,38,2
2,2,14.37,13,23,0.565,0,1,0,6,9,0.667,4,2,5,4,0,5,2,32,4
2,2,17.98,10,18,0.556,2,4,0.5,3,3,1,1,7,9,0,1,3,1,25,-6
2,2,14.02,7,14,0.5,0,2,0,1,2,0.5,1,5,7,2,1,3,0,15,4
2,2,17.67,14,19,0.737,6,8,0.75,9,13,0.692,0,6,4,2,3,0,1,43,11
2,2,18.87,8,17,0.471,1,3,0.333,7,8,0.875,0,5,6,2,0,5,3,24,11
2,2,15.83,8,17,0.471,0,4,0,5,7,0.714,0,6,6,1,0,4,3,21,-8
2,2,14.05,6,13,0.462,1,4,0.25,6,9,0.667,0,5,7,3,0,5,1,19,2
2,2,12.75,10,15,0.667,3,4,0.75,0,0,0,2,5,8,3,0,3,3,23,16
2,2,21.32,8,23,0.348,1,3,0.333,0,0,0,1,8,8,3,1,4,1,17,6
2,2,14.07,6,18,0.333,0,3,0,7,9,0.778,3,5,7,2,0,5,5,19,-10
2,2,12.63,9,18,0.5,0,3,0,4,6,0.667,1,0,6,3,0,1,1,22,-15
2,2,17.2,22,33,0.667,8,10,0.8,9,12,0.75,3,4,4,0,0,2,2,61,16
2,2,7.22,8,12,0.667,0,2,0,4,5,0.8,1,8,7,4,0,2,1,20,14
2,2,12.63,13,19,0.684,1,2,0.5,4,6,0.667,0,4,4,0,0,1,0,31,21
2,2,9.4,15,22,0.682,1,5,0.2,2,5,0.4,1,6,3,4,0,8,1,33,9
2,2,14.47,16,23,0.696,4,8,0.5,6,8,0.75,2,7,6,2,0,3,2,42,19
2,2,18.27,14,26,0.538,4,8,0.5,4,7,0.571,1,12,9,2,0,2,1,36,-2
2,2,16.98,12,22,0.545,2,5,0.4,11,14,0.786,1,8,3,5,0,4,2,37,8
2,2,15.35,4,13,0.308,1,6,0.167,4,6,0.667,0,7,5,0,0,5,2,13,0
2,2,16.78,11,20,0.55,3,7,0.429,6,8,0.75,1,7,12,3,1,7,2,31,3
2,2,14.32,9,19,0.474,0,3,0,6,8,0.75,1,7,11,2,2,1,1,24,6
2,2,15.1,13,22,0.591,1,3,0.333,3,6,0.5,1,7,7,6,0,2,3,30,14
2,2,18.17,12,20,0.6,1,5,0.2,9,9,1,1,2,3,0,0,3,1,34,-17
2,2,3.72,8,15,0.533,1,3,0.333,1,1,1,0,7,6,1,0,4,4,18,21
2,2,13.3,9,15,0.6,2,4,0.5,7,13,0.538,2,11,6,1,0,5,1,27,4
2,2,14.8,10,19,0.526,0,4,0,9,11,0.818,1,7,4,2,0,3,1,29,10
2,2,14.72,11,21,0.524,3,7,0.429,5,8,0.625,1,3,6,1,0,3,1,30,0
2,2,20.87,13,25,0.52,0,3,0,8,10,0.8,2,6,6,1,0,2,4,34,15
2,2,12.52,7,13,0.538,0,1,0,7,8,0.875,1,7,10,2,1,3,3,21,17
2,2,17.07,8,18,0.444,0,4,0,9,10,0.9,2,6,7,2,0,4,1,25,-15
2,2,1.37,12,21,0.571,2,5,0.4,10,12,0.833,3,4,5,0,0,4,6,36,-1
2,2,17.42,12,17,0.706,1,4,0.25,7,11,0.636,0,5,6,1,1,6,2,32,1
2,2,11.25,13,22,0.591,3,6,0.5,3,3,1,1,2,5,2,0,3,1,32,19
2,2,13.78,12,18,0.667,0,0,0,6,7,0.857,1,3,5,1,0,1,1,30,1
2,2,11.92,5,13,0.385,0,1,0,5,8,0.625,1,7,8,1,0,3,1,15,17
2,2,15.57,10,16,0.625,1,4,0.25,5,8,0.625,0,5,5,0,1,8,0,26,-11
2,2,15.73,8,15,0.533,5,9,0.556,5,8,0.625,1,5,10,0,1,4,0,26,4
2,2,19.72,12,23,0.522,4,9,0.444,5,6,0.833,0,8,8,0,0,2,3,33,-10
2,2,11.8,7,14,0.5,0,4,0,5,9,0.556,0,8,4,0,0,2,2,19,0
2,2,21.63,16,28,0.571,4,9,0.444,2,6,0.333,4,4,6,2,0,0,2,38,-4
2,2,6.67,8,11,0.727,1,2,0.5,1,2,0.5,2,4,8,1,1,1,1,18,14
2,2,12.23,8,14,0.571,1,3,0.333,7,7,1,0,9,7,3,0,3,3,24,16
2,2,9.82,13,17,0.765,0,1,0,4,5,0.8,1,8,9,1,0,3,1,30,24
2,2,16.62,9,12,0.75,0,2,0,7,10,0.7,2,7,9,4,0,2,2,25,6
2,2,14.53,6,16,0.375,1,4,0.25,4,6,0.667,1,13,6,2,0,5,3,17,-2
2,2,11.02,10,15,0.667,0,2,0,4,5,0.8,1,6,9,2,0,6,2,24,18
2,2,6.57,9,12,0.75,0,0,0,3,5,0.6,4,10,8,2,0,7,3,21,9
2,2,9.3,7,17,0.412,1,4,0.25,6,8,0.75,0,5,2,3,0,1,2,21,-21
2,2,12.97,8,15,0.533,2,5,0.4,5,8,0.625,3,2,6,2,1,6,2,23,-6
2,2,14.27,8,13,0.615,1,3,0.333,9,10,0.9,0,5,4,1,1,3,0,26,-4
2,2,12.45,10,17,0.588,3,5,0.6,4,6,0.667,1,5,3,1,1,3,2,27,3
2,2,13.1,9,19,0.474,1,3,0.333,9,11,0.818,0,8,8,3,0,1,3,28,0
2,2,9.35,11,14,0.786,2,4,0.5,11,11,1,0,5,4,1,1,4,0,35,1
2,2,13.58,7,13,0.538,3,6,0.5,5,7,0.714,0,9,7,3,0,3,0,22,7
2,2,5.08,5,11,0.455,0,2,0,11,11,1,1,5,7,1,1,4,0,21,23
2,2,6.7,6,13,0.462,0,0,0,1,3,0.333,2,4,5,1,0,3,0,13,14
2,2,7.92,13,18,0.722,0,0,0,4,4,1,1,3,7,1,1,3,1,30,7
2,2,12.97,14,18,0.778,1,1,1,10,11,0.909,0,6,4,1,0,6,0,39,0
2,2,5.97,13,21,0.619,4,7,0.571,3,6,0.5,0,3,2,0,0,3,0,33,14
2,2,12.53,9,13,0.692,0,0,0,7,9,0.778,1,7,10,0,0,5,1,25,5
2,2,13.15,6,13,0.462,1,3,0.333,5,9,0.556,0,5,6,1,0,4,4,18,-1
2,2,12.02,13,20,0.65,1,3,0.333,8,8,1,2,6,8,0,1,1,2,35,3
2,2,10.68,9,14,0.643,3,5,0.6,4,5,0.8,0,3,5,1,0,6,2,25,16
2,2,18.23,11,19,0.579,1,2,0.5,3,5,0.6,1,6,6,2,1,5,2,26,-3
2,2,12.63,9,17,0.529,4,7,0.571,3,4,0.75,0,4,13,0,0,4,3,25,-8
2,2,14.02,5,11,0.455,0,1,0,7,9,0.778,0,6,8,1,0,2,0,17,8
2,2,21,12,23,0.522,5,10,0.5,8,8,1,3,9,4,2,0,2,2,37,8
2,2,1.77,11,26,0.423,1,5,0.2,9,12,0.75,4,6,11,3,1,6,3,32,-1
2,2,19.68,8,22,0.364,2,4,0.5,7,9,0.778,3,3,8,4,0,3,1,25,-9
2,2,17.38,15,25,0.6,1,2,0.5,2,4,0.5,3,8,4,2,2,1,2,33,8
2,2,15.12,7,21,0.333,1,5,0.2,0,0,0,1,10,5,2,0,2,0,15,-32
2,2,16.55,7,17,0.412,1,3,0.333,2,2,1,1,7,7,3,3,2,2,17,29
2,2,17.58,7,16,0.438,1,5,0.2,3,4,0.75,2,16,10,0,0,2,0,18,-3
2,2,16.82,8,17,0.471,1,2,0.5,15,16,0.938,2,6,4,2,1,2,1,32,21
2,2,18.28,10,21,0.476,2,4,0.5,7,8,0.875,0,7,6,2,1,4,2,29,-22
2,2,20.48,13,26,0.5,3,7,0.429,1,4,0.25,0,8,6,2,1,3,1,30,14
2,2,19.32,8,18,0.444,4,7,0.571,4,6,0.667,4,2,5,1,3,2,6,24,-3
2,2,17.22,8,17,0.471,0,1,0,6,6,1,0,4,3,0,0,0,0,22,22
2,2,21.28,14,20,0.7,3,7,0.429,5,7,0.714,4,4,3,3,1,5,3,36,-7
2,2,22.55,12,24,0.5,2,6,0.333,4,7,0.571,3,7,10,0,3,4,5,30,3
2,2,20.43,5,14,0.357,1,3,0.333,12,15,0.8,0,7,8,2,0,2,3,23,4
2,2,19.2,9,20,0.45,1,4,0.25,8,9,0.889,0,7,8,2,0,5,0,27,27
2,2,20.42,6,17,0.353,2,4,0.5,11,11,1,0,8,7,2,0,1,0,25,7
2,2,8.48,7,12,0.583,1,3,0.333,4,8,0.5,0,5,9,3,0,3,1,19,25
2,2,19.73,8,17,0.471,1,3,0.333,7,9,0.778,2,6,7,2,1,2,2,24,-15
2,2,17.1,13,20,0.65,0,2,0,4,7,0.571,2,6,7,3,1,5,3,30,16
2,2,8.8,9,14,0.643,2,4,0.5,2,4,0.5,0,5,6,0,0,5,2,22,14
2,2,14.65,6,14,0.429,0,3,0,7,8,0.875,1,7,6,1,0,4,2,19,13
2,2,10.52,9,11,0.818,1,2,0.5,8,11,0.727,2,8,8,0,0,5,2,27,14
2,2,10.85,7,12,0.583,1,1,1,9,12,0.75,0,7,6,1,0,3,2,24,8
2,2,4.85,8,10,0.8,0,0,0,4,4,1,1,5,9,0,0,1,1,20,6
2,2,6.07,11,16,0.688,0,1,0,6,6,1,1,6,7,2,1,3,0,28,21
2,2,5.7,12,17,0.706,1,2,0.5,2,2,1,0,4,5,1,0,1,1,27,22
2,2,8.22,13,20,0.65,7,10,0.7,3,5,0.6,0,4,6,2,0,3,0,36,19
2,2,15.93,11,17,0.647,2,5,0.4,8,11,0.727,0,7,3,2,4,4,1,32,2
2,2,14.75,9,16,0.563,0,0,0,6,10,0.6,1,8,11,1,0,3,2,24,25
2,2,10.17,11,14,0.786,0,1,0,10,11,0.909,0,8,10,3,3,4,0,32,22
2,2,15.88,12,15,0.8,1,1,1,4,6,0.667,1,7,8,2,1,3,1,29,14
2,2,18.32,8,22,0.364,3,7,0.429,6,8,0.75,7,5,10,3,2,4,1,25,1
2,2,18.25,16,29,0.552,1,4,0.25,4,6,0.667,1,6,12,2,2,5,3,37,13
2,2,9.83,6,12,0.5,2,6,0.333,8,11,0.727,1,11,8,2,0,3,1,22,10
2,2,14.23,12,24,0.5,0,2,0,4,5,0.8,1,9,7,0,1,2,1,28,5
2,2,13.23,8,19,0.421,1,4,0.25,10,12,0.833,2,5,8,2,1,4,1,27,7
2,2,6.12,3,11,0.273,0,2,0,9,12,0.75,3,4,7,2,0,4,1,15,21
2,2,12.35,5,10,0.5,0,0,0,3,5,0.6,1,5,7,1,1,4,1,13,23
2,2,10.23,10,17,0.588,2,3,0.667,3,5,0.6,3,7,5,1,2,3,2,25,19
2,2,14.22,7,14,0.5,1,6,0.167,11,12,0.917,0,3,2,0,1,2,0,26,8
2,2,10.88,9,16,0.563,1,4,0.25,1,1,1,1,9,4,3,2,7,3,20,10
2,2,18.83,12,23,0.522,2,6,0.333,3,6,0.5,3,8,7,3,1,2,1,29,9
2,2,18.1,4,14,0.286,2,4,0.5,8,12,0.667,1,7,10,2,1,1,1,18,-1
2,2,23.75,14,23,0.609,1,2,0.5,11,12,0.917,3,5,16,2,1,2,1,40,11
2,2,14.85,10,19,0.526,0,1,0,8,11,0.727,2,1,8,1,0,2,0,28,6
2,2,7.5,7,12,0.583,1,4,0.25,1,2,0.5,1,9,11,2,0,2,1,16,14
2,2,10.48,11,15,0.733,1,4,0.25,3,3,1,1,11,7,2,0,4,2,26,6
2,2,15.52,8,15,0.533,1,4,0.25,7,8,0.875,0,6,11,4,0,2,1,24,16
2,2,16.03,14,24,0.583,4,8,0.5,7,9,0.778,3,9,7,2,0,4,3,39,15
2,2,14.75,11,15,0.733,1,3,0.333,7,8,0.875,0,6,9,3,2,1,0,30,21
2,2,12.25,12,18,0.667,1,2,0.5,7,8,0.875,1,6,4,3,0,4,4,32,7
2,2,6.98,9,11,0.818,4,5,0.8,8,11,0.727,1,4,6,0,2,5,3,30,21
2,2,12.62,11,18,0.611,3,6,0.5,7,10,0.7,1,5,5,0,2,4,2,32,4
2,2,14,13,14,0.929,0,0,0,5,6,0.833,0,8,8,2,0,5,1,31,8
2,2,15.73,10,16,0.625,1,2,0.5,9,11,0.818,0,8,7,2,0,3,1,30,29
2,2,17.97,9,17,0.529,1,3,0.333,9,11,0.818,1,5,3,1,1,3,4,28,-9
2,2,10.28,10,18,0.556,3,4,0.75,1,4,0.25,2,7,7,2,0,4,2,24,22
2,2,3.93,14,31,0.452,3,6,0.5,3,5,0.6,4,12,7,3,1,3,3,34,-2
2,2,9.02,9,14,0.643,0,1,0,5,6,0.833,1,6,7,1,0,2,0,23,22
2,2,20.83,12,23,0.522,1,5,0.2,6,7,0.857,1,9,11,0,0,3,1,31,9
2,2,18.07,17,25,0.68,1,2,0.5,4,4,1,0,7,8,3,1,2,2,39,13
2,2,6.53,11,20,0.55,1,5,0.2,2,3,0.667,1,6,10,1,0,1,2,25,33
2,2,19.68,13,19,0.684,2,4,0.5,4,4,1,1,3,6,3,2,3,5,32,1
2,2,5.13,7,10,0.7,0,1,0,6,7,0.857,1,4,7,5,2,1,0,20,28
2,2,18.65,6,16,0.375,1,5,0.2,2,5,0.4,0,10,9,2,1,4,3,15,-9
2,2,18.6,10,20,0.5,1,1,1,1,4,0.25,3,7,4,1,2,7,2,22,-5
2,2,10.95,9,17,0.529,2,3,0.667,4,4,1,1,1,7,0,1,1,0,24,26
2,2,17.08,8,14,0.571,1,5,0.2,13,16,0.813,0,6,2,1,0,2,2,30,-18
2,2,18.02,11,20,0.55,1,3,0.333,9,11,0.818,1,11,9,3,1,4,0,32,12
2,2,23.88,10,22,0.455,1,6,0.167,15,16,0.938,1,7,11,1,0,3,2,36,4
2,2,12.48,11,20,0.55,1,2,0.5,3,5,0.6,1,5,7,2,1,6,2,26,-8
2,2,20.32,15,22,0.682,2,4,0.5,3,4,0.75,1,5,5,6,1,3,1,35,-2
2,2,14.58,9,19,0.474,2,4,0.5,7,8,0.875,2,10,8,4,2,3,1,27,12
2,2,17.87,12,20,0.6,0,3,0,5,5,1,3,5,9,2,1,3,3,29,13
2,2,13.5,11,20,0.55,1,1,1,7,10,0.7,1,8,7,0,0,4,0,30,14
2,2,6.92,9,13,0.692,3,5,0.6,3,4,0.75,0,9,5,1,1,5,0,24,25
2,2,17.98,8,18,0.444,2,5,0.4,4,5,0.8,0,6,11,1,4,0,0,22,12
2,2,6.55,8,15,0.533,0,3,0,7,11,0.636,0,10,5,1,0,2,0,23,36
2,2,18.35,12,23,0.522,2,4,0.5,5,5,1,1,2,5,1,0,4,0,31,-3
2,2,16.35,10,16,0.625,1,2,0.5,6,7,0.857,1,6,6,2,0,3,0,27,12
2,2,11.92,11,16,0.688,0,0,0,2,3,0.667,1,4,7,2,0,4,2,24,10
2,2,14.58,11,20,0.55,3,5,0.6,6,9,0.667,2,8,9,3,0,2,0,31,-17
2,2,18.88,12,24,0.5,1,4,0.25,1,3,0.333,2,11,11,3,2,3,1,26,-3
2,2,12.95,8,15,0.533,1,2,0.5,4,6,0.667,1,8,6,1,0,2,3,21,14
2,2,15.1,9,16,0.563,2,5,0.4,3,6,0.5,3,6,7,4,0,4,2,23,-1
2,2,15.97,10,16,0.625,2,5,0.4,8,9,0.889,1,5,5,0,1,7,3,30,7
2,2,18.53,11,21,0.524,2,4,0.5,4,8,0.5,2,8,8,1,1,1,3,28,5
2,2,16.72,8,20,0.4,1,3,0.333,4,7,0.571,0,7,3,2,0,1,1,21,20
2,2,17.95,11,23,0.478,0,1,0,5,6,0.833,1,6,12,1,3,4,0,27,9
2,2,17.22,12,23,0.522,0,3,0,6,9,0.667,0,5,7,1,2,4,3,30,-15
2,2,15.92,14,26,0.538,5,8,0.625,5,8,0.625,1,9,6,0,0,0,1,38,8
2,2,11.72,10,19,0.526,0,1,0,0,4,0,3,7,6,2,1,2,2,20,-18
2,2,11.67,10,17,0.588,0,2,0,1,3,0.333,2,9,9,1,0,2,2,21,0
2,2,5.98,7,12,0.583,2,3,0.667,4,4,1,4,8,8,1,0,2,1,20,18
2,2,6.18,10,17,0.588,2,3,0.667,1,3,0.333,3,8,1,0,0,3,2,23,25
2,2,15.2,8,17,0.471,0,1,0,4,4,1,1,8,11,0,2,0,2,20,7
2,2,12.68,8,16,0.5,2,3,0.667,5,6,0.833,0,7,5,0,3,5,2,23,-21
2,2,4.87,10,16,0.625,2,4,0.5,4,5,0.8,1,9,3,2,0,0,2,26,12
